filename	method	genomes	kmers	bytes	compr_lines
recompressed_00000001.bz2	bz2	1	29553	8068	1
recompressed_00000001.gz	gz	1	29553	8884	1
recompressed_00000001.repair	repair	1	29553	28160	1
recompressed_00000001.xz	xz	1	29553	8324	1
recompressed_00000002.bz2	bz2	2	30625	12274	2
recompressed_00000002.gz	gz	2	30625	9417	2
recompressed_00000002.repair	repair	2	30625	13824	2
recompressed_00000002.xz	xz	2	30625	8540	2
recompressed_00000003.bz2	bz2	3	30887	14444	3
recompressed_00000003.gz	gz	3	30887	9861	3
recompressed_00000003.repair	repair	3	30887	13824	3
recompressed_00000003.xz	xz	3	30887	8596	3
recompressed_00000004.bz2	bz2	4	31011	15186	4
recompressed_00000004.gz	gz	4	31011	10216	4
recompressed_00000004.repair	repair	4	31011	13824	4
recompressed_00000004.xz	xz	4	31011	8640	4
recompressed_00000005.bz2	bz2	5	31807	19707	5
recompressed_00000005.gz	gz	5	31807	10627	5
recompressed_00000005.repair	repair	5	31807	14336	5
recompressed_00000005.xz	xz	5	31807	8764	5
recompressed_00000006.bz2	bz2	6	32337	19831	6
recompressed_00000006.gz	gz	6	32337	10987	6
recompressed_00000006.repair	repair	6	32337	14336	6
recompressed_00000006.xz	xz	6	32337	8820	6
recompressed_00000007.bz2	bz2	7	32647	17665	7
recompressed_00000007.gz	gz	7	32647	11359	7
recompressed_00000007.repair	repair	7	32647	14336	7
recompressed_00000007.xz	xz	7	32647	8880	7
recompressed_00000008.bz2	bz2	8	32893	18658	8
recompressed_00000008.gz	gz	8	32893	11718	8
recompressed_00000008.repair	repair	8	32893	14848	8
recompressed_00000008.xz	xz	8	32893	8952	8
recompressed_00000009.bz2	bz2	9	33017	22659	9
recompressed_00000009.gz	gz	9	33017	11999	9
recompressed_00000009.repair	repair	9	33017	14848	9
recompressed_00000009.xz	xz	9	33017	8980	9
recompressed_00000010.bz2	bz2	10	33110	22650	10
recompressed_00000010.gz	gz	10	33110	12379	10
recompressed_00000010.repair	repair	10	33110	14848	10
recompressed_00000010.xz	xz	10	33110	9016	10
recompressed_00000011.bz2	bz2	11	33683	23781	11
recompressed_00000011.gz	gz	11	33683	12765	11
recompressed_00000011.repair	repair	11	33683	15360	11
recompressed_00000011.xz	xz	11	33683	9112	11
recompressed_00000012.bz2	bz2	12	33776	23028	12
recompressed_00000012.gz	gz	12	33776	13053	12
recompressed_00000012.repair	repair	12	33776	15360	12
recompressed_00000012.xz	xz	12	33776	9148	12
recompressed_00000013.bz2	bz2	13	33962	23669	13
recompressed_00000013.gz	gz	13	33962	13335	13
recompressed_00000013.repair	repair	13	33962	15872	13
recompressed_00000013.xz	xz	13	33962	9196	13
recompressed_00000014.bz2	bz2	14	34497	23615	14
recompressed_00000014.gz	gz	14	34497	13679	14
recompressed_00000014.repair	repair	14	34497	16384	14
recompressed_00000014.xz	xz	14	34497	9264	14
recompressed_00000015.bz2	bz2	15	34718	21069	15
recompressed_00000015.gz	gz	15	34718	13956	15
recompressed_00000015.repair	repair	15	34718	16896	15
recompressed_00000015.xz	xz	15	34718	9300	15
recompressed_00000016.bz2	bz2	16	34997	22764	16
recompressed_00000016.gz	gz	16	34997	14263	16
recompressed_00000016.repair	repair	16	34997	16896	16
recompressed_00000016.xz	xz	16	34997	9332	16
recompressed_00000017.bz2	bz2	17	35431	25755	17
recompressed_00000017.gz	gz	17	35431	14591	17
recompressed_00000017.repair	repair	17	35431	17408	17
recompressed_00000017.xz	xz	17	35431	9396	17
recompressed_00000018.bz2	bz2	18	35555	25995	18
recompressed_00000018.gz	gz	18	35555	14885	18
recompressed_00000018.repair	repair	18	35555	17408	18
recompressed_00000018.xz	xz	18	35555	9436	18
recompressed_00000019.bz2	bz2	19	35586	28239	19
recompressed_00000019.gz	gz	19	35586	15139	19
recompressed_00000019.repair	repair	19	35586	17408	19
recompressed_00000019.xz	xz	19	35586	9448	19
recompressed_00000020.bz2	bz2	20	35834	26273	20
recompressed_00000020.gz	gz	20	35834	15415	20
recompressed_00000020.repair	repair	20	35834	17920	20
recompressed_00000020.xz	xz	20	35834	9488	20
recompressed_00000021.bz2	bz2	21	35834	28325	21
recompressed_00000021.gz	gz	21	35834	15647	21
recompressed_00000021.repair	repair	21	35834	17920	21
recompressed_00000021.xz	xz	21	35834	9496	21
recompressed_00000022.bz2	bz2	22	35896	28476	22
recompressed_00000022.gz	gz	22	35896	15886	22
recompressed_00000022.repair	repair	22	35896	17920	22
recompressed_00000022.xz	xz	22	35896	9512	22
recompressed_00000023.bz2	bz2	23	35958	27089	23
recompressed_00000023.gz	gz	23	35958	16138	23
recompressed_00000023.repair	repair	23	35958	17920	23
recompressed_00000023.xz	xz	23	35958	9540	23
recompressed_00000024.bz2	bz2	24	35958	26426	24
recompressed_00000024.gz	gz	24	35958	16407	24
recompressed_00000024.repair	repair	24	35958	17920	24
recompressed_00000024.xz	xz	24	35958	9560	24
recompressed_00000025.bz2	bz2	25	36578	28677	25
recompressed_00000025.gz	gz	25	36578	16783	25
recompressed_00000025.repair	repair	25	36578	18432	25
recompressed_00000025.xz	xz	25	36578	9644	25
recompressed_00000026.bz2	bz2	26	36800	28899	26
recompressed_00000026.gz	gz	26	36800	17059	26
recompressed_00000026.repair	repair	26	36800	18432	26
recompressed_00000026.xz	xz	26	36800	9660	26
recompressed_00000027.bz2	bz2	27	36986	27299	27
recompressed_00000027.gz	gz	27	36986	17347	27
recompressed_00000027.repair	repair	27	36986	18944	27
recompressed_00000027.xz	xz	27	36986	9708	27
recompressed_00000028.bz2	bz2	28	37234	28939	28
recompressed_00000028.gz	gz	28	37234	17701	28
recompressed_00000028.repair	repair	28	37234	18944	28
recompressed_00000028.xz	xz	28	37234	9760	28
recompressed_00000029.bz2	bz2	29	37605	27156	29
recompressed_00000029.gz	gz	29	37605	18033	29
recompressed_00000029.repair	repair	29	37605	19456	29
recompressed_00000029.xz	xz	29	37605	9832	29
recompressed_00000030.bz2	bz2	30	37752	27901	30
recompressed_00000030.gz	gz	30	37752	18349	30
recompressed_00000030.repair	repair	30	37752	19456	30
recompressed_00000030.xz	xz	30	37752	9904	30
recompressed_00000031.bz2	bz2	31	38341	35880	31
recompressed_00000031.gz	gz	31	38341	18698	31
recompressed_00000031.repair	repair	31	38341	19968	31
recompressed_00000031.xz	xz	31	38341	9956	31
recompressed_00000032.bz2	bz2	32	38589	40225	32
recompressed_00000032.gz	gz	32	38589	19006	32
recompressed_00000032.repair	repair	32	38589	19968	32
recompressed_00000032.xz	xz	32	38589	10016	32
recompressed_00000033.bz2	bz2	33	39065	42196	33
recompressed_00000033.gz	gz	33	39065	19343	33
recompressed_00000033.repair	repair	33	39065	20480	33
recompressed_00000033.xz	xz	33	39065	10088	33
recompressed_00000034.bz2	bz2	34	39189	43112	34
recompressed_00000034.gz	gz	34	39189	19598	34
recompressed_00000034.repair	repair	34	39189	20480	34
recompressed_00000034.xz	xz	34	39189	10104	34
recompressed_00000035.bz2	bz2	35	39437	46811	35
recompressed_00000035.gz	gz	35	39437	19904	35
recompressed_00000035.repair	repair	35	39437	20992	35
recompressed_00000035.xz	xz	35	39437	10168	35
recompressed_00000036.bz2	bz2	36	39592	47017	36
recompressed_00000036.gz	gz	36	39592	20167	36
recompressed_00000036.repair	repair	36	39592	21504	36
recompressed_00000036.xz	xz	36	39592	10228	36
recompressed_00000037.bz2	bz2	37	39747	45630	37
recompressed_00000037.gz	gz	37	39747	20424	37
recompressed_00000037.repair	repair	37	39747	21504	37
recompressed_00000037.xz	xz	37	39747	10248	37
recompressed_00000038.bz2	bz2	38	40491	46247	38
recompressed_00000038.gz	gz	38	40491	20855	38
recompressed_00000038.repair	repair	38	40491	22016	38
recompressed_00000038.xz	xz	38	40491	10360	38
recompressed_00000039.bz2	bz2	39	40615	49851	39
recompressed_00000039.gz	gz	39	40615	21124	39
recompressed_00000039.repair	repair	39	40615	22016	39
recompressed_00000039.xz	xz	39	40615	10404	39
recompressed_00000040.bz2	bz2	40	40960	50190	40
recompressed_00000040.gz	gz	40	40960	21541	40
recompressed_00000040.repair	repair	40	40960	22528	40
recompressed_00000040.xz	xz	40	40960	10480	40
recompressed_00000041.bz2	bz2	41	40960	50850	41
recompressed_00000041.gz	gz	41	40960	21773	41
recompressed_00000041.repair	repair	41	40960	22528	41
recompressed_00000041.xz	xz	41	40960	10480	41
recompressed_00000042.bz2	bz2	42	41136	50016	42
recompressed_00000042.gz	gz	42	41136	22081	42
recompressed_00000042.repair	repair	42	41136	22528	42
recompressed_00000042.xz	xz	42	41136	10556	42
recompressed_00000043.bz2	bz2	43	41322	50674	43
recompressed_00000043.gz	gz	43	41322	22458	43
recompressed_00000043.repair	repair	43	41322	23040	43
recompressed_00000043.xz	xz	43	41322	10628	43
recompressed_00000044.bz2	bz2	44	41507	50498	44
recompressed_00000044.gz	gz	44	41507	22743	44
recompressed_00000044.repair	repair	44	41507	23040	44
recompressed_00000044.xz	xz	44	41507	10672	44
recompressed_00000045.bz2	bz2	45	41662	49251	45
recompressed_00000045.gz	gz	45	41662	23008	45
recompressed_00000045.repair	repair	45	41662	23040	45
recompressed_00000045.xz	xz	45	41662	10712	45
recompressed_00000046.bz2	bz2	46	41787	49801	46
recompressed_00000046.gz	gz	46	41787	23292	46
recompressed_00000046.repair	repair	46	41787	23552	46
recompressed_00000046.xz	xz	46	41787	10760	46
recompressed_00000047.bz2	bz2	47	42066	52855	47
recompressed_00000047.gz	gz	47	42066	23714	47
recompressed_00000047.repair	repair	47	42066	23552	47
recompressed_00000047.xz	xz	47	42066	10824	47
recompressed_00000048.bz2	bz2	48	42558	53341	48
recompressed_00000048.gz	gz	48	42558	24044	48
recompressed_00000048.repair	repair	48	42558	24064	48
recompressed_00000048.xz	xz	48	42558	10892	48
recompressed_00000049.bz2	bz2	49	42899	55311	49
recompressed_00000049.gz	gz	49	42899	24330	49
recompressed_00000049.repair	repair	49	42899	24576	49
recompressed_00000049.xz	xz	49	42899	10952	49
recompressed_00000050.bz2	bz2	50	43473	53690	50
recompressed_00000050.gz	gz	50	43473	24800	50
recompressed_00000050.repair	repair	50	43473	24576	50
recompressed_00000050.xz	xz	50	43473	11076	50
recompressed_00000051.bz2	bz2	51	43628	55668	51
recompressed_00000051.gz	gz	51	43628	25133	51
recompressed_00000051.repair	repair	51	43628	25088	51
recompressed_00000051.xz	xz	51	43628	11148	51
recompressed_00000052.bz2	bz2	52	43784	55854	52
recompressed_00000052.gz	gz	52	43784	25406	52
recompressed_00000052.repair	repair	52	43784	25088	52
recompressed_00000052.xz	xz	52	43784	11192	52
recompressed_00000053.bz2	bz2	53	43877	54610	53
recompressed_00000053.gz	gz	53	43877	25651	53
recompressed_00000053.repair	repair	53	43877	25088	53
recompressed_00000053.xz	xz	53	43877	11232	53
recompressed_00000054.bz2	bz2	54	43908	53915	54
recompressed_00000054.gz	gz	54	43908	25902	54
recompressed_00000054.repair	repair	54	43908	25088	54
recompressed_00000054.xz	xz	54	43908	11244	54
recompressed_00000055.bz2	bz2	55	44063	55992	55
recompressed_00000055.gz	gz	55	44063	26148	55
recompressed_00000055.repair	repair	55	44063	25600	55
recompressed_00000055.xz	xz	55	44063	11280	55
recompressed_00000056.bz2	bz2	56	44823	56198	56
recompressed_00000056.gz	gz	56	44823	26643	56
recompressed_00000056.repair	repair	56	44823	26624	56
recompressed_00000056.xz	xz	56	44823	11392	56
recompressed_00000057.bz2	bz2	57	45631	54749	57
recompressed_00000057.gz	gz	57	45631	27068	57
recompressed_00000057.repair	repair	57	45631	27136	57
recompressed_00000057.xz	xz	57	45631	11452	57
recompressed_00000058.bz2	bz2	58	45880	56334	58
recompressed_00000058.gz	gz	58	45880	27333	58
recompressed_00000058.repair	repair	58	45880	27136	58
recompressed_00000058.xz	xz	58	45880	11492	58
recompressed_00000059.bz2	bz2	59	46559	54544	59
recompressed_00000059.gz	gz	59	46559	27754	59
recompressed_00000059.repair	repair	59	46559	27648	59
recompressed_00000059.xz	xz	59	46559	11592	59
recompressed_00000060.bz2	bz2	60	46683	55914	60
recompressed_00000060.gz	gz	60	46683	28016	60
recompressed_00000060.repair	repair	60	46683	27648	60
recompressed_00000060.xz	xz	60	46683	11632	60
recompressed_00000061.bz2	bz2	61	46714	63732	61
recompressed_00000061.gz	gz	61	46714	28239	61
recompressed_00000061.repair	repair	61	46714	28160	61
recompressed_00000061.xz	xz	61	46714	11644	61
recompressed_00000062.bz2	bz2	62	47055	68150	62
recompressed_00000062.gz	gz	62	47055	28676	62
recompressed_00000062.repair	repair	62	47055	28160	62
recompressed_00000062.xz	xz	62	47055	11724	62
recompressed_00000063.bz2	bz2	63	47334	70011	63
recompressed_00000063.gz	gz	63	47334	28942	63
recompressed_00000063.repair	repair	63	47334	28160	63
recompressed_00000063.xz	xz	63	47334	11764	63
recompressed_00000064.bz2	bz2	64	47892	71009	64
recompressed_00000064.gz	gz	64	47892	29289	64
recompressed_00000064.repair	repair	64	47892	28672	64
recompressed_00000064.xz	xz	64	47892	11856	64
recompressed_00000065.bz2	bz2	65	48169	74168	65
recompressed_00000065.gz	gz	65	48169	29571	65
recompressed_00000065.repair	repair	65	48169	28672	65
recompressed_00000065.xz	xz	65	48169	11924	65
recompressed_00000066.bz2	bz2	66	48293	74297	66
recompressed_00000066.gz	gz	66	48293	29822	66
recompressed_00000066.repair	repair	66	48293	29184	66
recompressed_00000066.xz	xz	66	48293	11968	66
recompressed_00000067.bz2	bz2	67	48386	73787	67
recompressed_00000067.gz	gz	67	48386	30069	67
recompressed_00000067.repair	repair	67	48386	29696	67
recompressed_00000067.xz	xz	67	48386	12020	67
recompressed_00000068.bz2	bz2	68	48572	74054	68
recompressed_00000068.gz	gz	68	48572	30357	68
recompressed_00000068.repair	repair	68	48572	29696	68
recompressed_00000068.xz	xz	68	48572	12084	68
recompressed_00000069.bz2	bz2	69	48758	77306	69
recompressed_00000069.gz	gz	69	48758	30613	69
recompressed_00000069.repair	repair	69	48758	29696	69
recompressed_00000069.xz	xz	69	48758	12116	69
recompressed_00000070.bz2	bz2	70	48820	77790	70
recompressed_00000070.gz	gz	70	48820	30925	70
recompressed_00000070.repair	repair	70	48820	30208	70
recompressed_00000070.xz	xz	70	48820	12148	70
recompressed_00000071.bz2	bz2	71	48851	78349	71
recompressed_00000071.gz	gz	71	48851	31195	71
recompressed_00000071.repair	repair	71	48851	30208	71
recompressed_00000071.xz	xz	71	48851	12184	71
recompressed_00000072.bz2	bz2	72	48944	77549	72
recompressed_00000072.gz	gz	72	48944	31429	72
recompressed_00000072.repair	repair	72	48944	30208	72
recompressed_00000072.xz	xz	72	48944	12208	72
recompressed_00000073.bz2	bz2	73	49068	77990	73
recompressed_00000073.gz	gz	73	49068	31813	73
recompressed_00000073.repair	repair	73	49068	30208	73
recompressed_00000073.xz	xz	73	49068	12264	73
recompressed_00000074.bz2	bz2	74	49659	77769	74
recompressed_00000074.gz	gz	74	49659	32197	74
recompressed_00000074.repair	repair	74	49659	30720	74
recompressed_00000074.xz	xz	74	49659	12360	74
recompressed_00000075.bz2	bz2	75	49783	77304	75
recompressed_00000075.gz	gz	75	49783	32616	75
recompressed_00000075.repair	repair	75	49783	31232	75
recompressed_00000075.xz	xz	75	49783	12444	75
recompressed_00000076.bz2	bz2	76	50120	77806	76
recompressed_00000076.gz	gz	76	50120	32893	76
recompressed_00000076.repair	repair	76	50120	31232	76
recompressed_00000076.xz	xz	76	50120	12496	76
recompressed_00000077.bz2	bz2	77	50213	80410	77
recompressed_00000077.gz	gz	77	50213	33147	77
recompressed_00000077.repair	repair	77	50213	31232	77
recompressed_00000077.xz	xz	77	50213	12508	77
recompressed_00000078.bz2	bz2	78	50275	80929	78
recompressed_00000078.gz	gz	78	50275	33392	78
recompressed_00000078.repair	repair	78	50275	31744	78
recompressed_00000078.xz	xz	78	50275	12544	78
recompressed_00000079.bz2	bz2	79	50335	82663	79
recompressed_00000079.gz	gz	79	50335	33630	79
recompressed_00000079.repair	repair	79	50335	31744	79
recompressed_00000079.xz	xz	79	50335	12584	79
recompressed_00000080.bz2	bz2	80	50583	81158	80
recompressed_00000080.gz	gz	80	50583	33990	80
recompressed_00000080.repair	repair	80	50583	32256	80
recompressed_00000080.xz	xz	80	50583	12624	80
recompressed_00000081.bz2	bz2	81	50862	83076	81
recompressed_00000081.gz	gz	81	50862	34415	81
recompressed_00000081.repair	repair	81	50862	32768	81
recompressed_00000081.xz	xz	81	50862	12720	81
recompressed_00000082.bz2	bz2	82	51307	83337	82
recompressed_00000082.gz	gz	82	51307	34843	82
recompressed_00000082.repair	repair	82	51307	33280	82
recompressed_00000082.xz	xz	82	51307	12816	82
recompressed_00000083.bz2	bz2	83	51369	82224	83
recompressed_00000083.gz	gz	83	51369	35071	83
recompressed_00000083.repair	repair	83	51369	33280	83
recompressed_00000083.xz	xz	83	51369	12840	83
recompressed_00000084.bz2	bz2	84	51608	81616	84
recompressed_00000084.gz	gz	84	51608	35329	84
recompressed_00000084.repair	repair	84	51608	33280	84
recompressed_00000084.xz	xz	84	51608	12884	84
recompressed_00000085.bz2	bz2	85	51701	83510	85
recompressed_00000085.gz	gz	85	51701	35587	85
recompressed_00000085.repair	repair	85	51701	33280	85
recompressed_00000085.xz	xz	85	51701	12916	85
recompressed_00000086.bz2	bz2	86	51856	83571	86
recompressed_00000086.gz	gz	86	51856	35837	86
recompressed_00000086.repair	repair	86	51856	33280	86
recompressed_00000086.xz	xz	86	51856	12952	86
recompressed_00000087.bz2	bz2	87	52104	82162	87
recompressed_00000087.gz	gz	87	52104	36121	87
recompressed_00000087.repair	repair	87	52104	33792	87
recompressed_00000087.xz	xz	87	52104	13020	87
recompressed_00000088.bz2	bz2	88	52166	83548	88
recompressed_00000088.gz	gz	88	52166	36352	88
recompressed_00000088.repair	repair	88	52166	33792	88
recompressed_00000088.xz	xz	88	52166	13048	88
recompressed_00000089.bz2	bz2	89	52321	81754	89
recompressed_00000089.gz	gz	89	52321	36596	89
recompressed_00000089.repair	repair	89	52321	33792	89
recompressed_00000089.xz	xz	89	52321	13076	89
recompressed_00000090.bz2	bz2	90	52759	83580	90
recompressed_00000090.gz	gz	90	52759	36920	90
recompressed_00000090.repair	repair	90	52759	34304	90
recompressed_00000090.xz	xz	90	52759	13148	90
recompressed_00000091.bz2	bz2	91	52821	91270	91
recompressed_00000091.gz	gz	91	52821	37251	91
recompressed_00000091.repair	repair	91	52821	34304	91
recompressed_00000091.xz	xz	91	52821	13184	91
recompressed_00000092.bz2	bz2	92	53069	95708	92
recompressed_00000092.gz	gz	92	53069	37514	92
recompressed_00000092.repair	repair	92	53069	34304	92
recompressed_00000092.xz	xz	92	53069	13196	92
recompressed_00000093.bz2	bz2	93	53193	97551	93
recompressed_00000093.gz	gz	93	53193	37763	93
recompressed_00000093.repair	repair	93	53193	34816	93
recompressed_00000093.xz	xz	93	53193	13224	93
recompressed_00000094.bz2	bz2	94	53720	98592	94
recompressed_00000094.gz	gz	94	53720	38087	94
recompressed_00000094.repair	repair	94	53720	34816	94
recompressed_00000094.xz	xz	94	53720	13284	94
recompressed_00000095.bz2	bz2	95	53875	101463	95
recompressed_00000095.gz	gz	95	53875	38358	95
recompressed_00000095.repair	repair	95	53875	35328	95
recompressed_00000095.xz	xz	95	53875	13340	95
recompressed_00000096.bz2	bz2	96	54321	101568	96
recompressed_00000096.gz	gz	96	54321	38718	96
recompressed_00000096.repair	repair	96	54321	35840	96
recompressed_00000096.xz	xz	96	54321	13416	96
recompressed_00000097.bz2	bz2	97	54414	101290	97
recompressed_00000097.gz	gz	97	54414	39058	97
recompressed_00000097.repair	repair	97	54414	35840	97
recompressed_00000097.xz	xz	97	54414	13464	97
recompressed_00000098.bz2	bz2	98	54908	101520	98
recompressed_00000098.gz	gz	98	54908	39386	98
recompressed_00000098.repair	repair	98	54908	36352	98
recompressed_00000098.xz	xz	98	54908	13540	98
recompressed_00000099.bz2	bz2	99	54939	104241	99
recompressed_00000099.gz	gz	99	54939	39620	99
recompressed_00000099.repair	repair	99	54939	36352	99
recompressed_00000099.xz	xz	99	54939	13568	99
recompressed_00000100.bz2	bz2	100	54970	104970	100
recompressed_00000100.gz	gz	100	54970	39847	100
recompressed_00000100.repair	repair	100	54970	36864	100
recompressed_00000100.xz	xz	100	54970	13592	100
recompressed_00000150.bz2	bz2	150	62203	138886	150
recompressed_00000150.gz	gz	150	62203	53347	150
recompressed_00000150.repair	repair	150	62203	44032	150
recompressed_00000150.xz	xz	150	62203	15612	150
recompressed_00000200.bz2	bz2	200	70194	189446	200
recompressed_00000200.gz	gz	200	70194	67053	200
recompressed_00000200.repair	repair	200	70194	52224	200
recompressed_00000200.xz	xz	200	70194	17644	200
recompressed_00000250.bz2	bz2	250	76843	239379	250
recompressed_00000250.gz	gz	250	76843	80429	250
recompressed_00000250.repair	repair	250	76843	59392	250
recompressed_00000250.xz	xz	250	76843	19628	250
recompressed_00000300.bz2	bz2	300	83521	276750	300
recompressed_00000300.gz	gz	300	83521	94398	300
recompressed_00000300.repair	repair	300	83521	66560	300
recompressed_00000300.xz	xz	300	83521	21680	300
recompressed_00000350.bz2	bz2	350	89321	323846	350
recompressed_00000350.gz	gz	350	89321	107917	350
recompressed_00000350.repair	repair	350	89321	73216	350
recompressed_00000350.xz	xz	350	89321	23684	350
recompressed_00000400.bz2	bz2	400	95031	372940	400
recompressed_00000400.gz	gz	400	95031	121957	400
recompressed_00000400.repair	repair	400	95031	80384	400
recompressed_00000400.xz	xz	400	95031	25776	400
recompressed_00000450.bz2	bz2	450	101103	413186	450
recompressed_00000450.gz	gz	450	101103	135963	450
recompressed_00000450.repair	repair	450	101103	87552	450
recompressed_00000450.xz	xz	450	101103	27948	450
recompressed_00000500.bz2	bz2	500	106466	458021	500
recompressed_00000500.gz	gz	500	106466	149181	500
recompressed_00000500.repair	repair	500	106466	92672	500
recompressed_00000500.xz	xz	500	106466	29892	500
recompressed_00000550.bz2	bz2	550	111180	506449	550
recompressed_00000550.gz	gz	550	111180	162613	550
recompressed_00000550.repair	repair	550	111180	97792	550
recompressed_00000550.xz	xz	550	111180	31764	550
recompressed_00000600.bz2	bz2	600	115371	548042	600
recompressed_00000600.gz	gz	600	115371	175968	600
recompressed_00000600.repair	repair	600	115371	102400	600
recompressed_00000600.xz	xz	600	115371	33808	600
recompressed_00000650.bz2	bz2	650	119005	589976	650
recompressed_00000650.gz	gz	650	119005	188779	650
recompressed_00000650.repair	repair	650	119005	107008	650
recompressed_00000650.xz	xz	650	119005	35428	650
recompressed_00000700.bz2	bz2	700	123710	638149	700
recompressed_00000700.gz	gz	700	123710	202311	700
recompressed_00000700.repair	repair	700	123710	112128	700
recompressed_00000700.xz	xz	700	123710	37384	700
recompressed_00000750.bz2	bz2	750	128106	682989	750
recompressed_00000750.gz	gz	750	128106	215945	750
recompressed_00000750.repair	repair	750	128106	117248	750
recompressed_00000750.xz	xz	750	128106	39496	750
recompressed_00000800.bz2	bz2	800	131861	722596	800
recompressed_00000800.gz	gz	800	131861	229238	800
recompressed_00000800.repair	repair	800	131861	122368	800
recompressed_00000800.xz	xz	800	131861	41284	800
recompressed_00000850.bz2	bz2	850	136462	771883	850
recompressed_00000850.gz	gz	850	136462	242606	850
recompressed_00000850.repair	repair	850	136462	126976	850
recompressed_00000850.xz	xz	850	136462	43188	850
recompressed_00000900.bz2	bz2	900	140446	815936	900
recompressed_00000900.gz	gz	900	140446	255391	900
recompressed_00000900.repair	repair	900	140446	131584	900
recompressed_00000900.xz	xz	900	140446	45044	900
recompressed_00000950.bz2	bz2	950	143998	854243	950
recompressed_00000950.gz	gz	950	143998	268334	950
recompressed_00000950.repair	repair	950	143998	135680	950
recompressed_00000950.xz	xz	950	143998	46744	950
recompressed_00001000.bz2	bz2	1000	147590	903895	1000
recompressed_00001000.gz	gz	1000	147590	282043	1000
recompressed_00001000.repair	repair	1000	147590	140288	1000
recompressed_00001000.xz	xz	1000	147590	48704	1000
recompressed_00001050.bz2	bz2	1050	151515	949965	1050
recompressed_00001050.gz	gz	1050	151515	295045	1050
recompressed_00001050.repair	repair	1050	151515	144896	1050
recompressed_00001050.xz	xz	1050	151515	50616	1050
recompressed_00001100.bz2	bz2	1100	154725	988052	1100
recompressed_00001100.gz	gz	1100	154725	308305	1100
recompressed_00001100.repair	repair	1100	154725	148992	1100
recompressed_00001100.xz	xz	1100	154725	52312	1100
recompressed_00001150.bz2	bz2	1150	157229	1035670	1150
recompressed_00001150.gz	gz	1150	157229	321037	1150
recompressed_00001150.repair	repair	1150	157229	152576	1150
recompressed_00001150.xz	xz	1150	157229	54060	1150
recompressed_00001200.bz2	bz2	1200	160508	1082340	1200
recompressed_00001200.gz	gz	1200	160508	333798	1200
recompressed_00001200.repair	repair	1200	160508	156160	1200
recompressed_00001200.xz	xz	1200	160508	55928	1200
recompressed_00001250.bz2	bz2	1250	163964	1117929	1250
recompressed_00001250.gz	gz	1250	163964	346962	1250
recompressed_00001250.repair	repair	1250	163964	160768	1250
recompressed_00001250.xz	xz	1250	163964	57804	1250
recompressed_00001300.bz2	bz2	1300	166978	1167810	1300
recompressed_00001300.gz	gz	1300	166978	360037	1300
recompressed_00001300.repair	repair	1300	166978	164864	1300
recompressed_00001300.xz	xz	1300	166978	59620	1300
recompressed_00001350.bz2	bz2	1350	169330	1215466	1350
recompressed_00001350.gz	gz	1350	169330	372780	1350
recompressed_00001350.repair	repair	1350	169330	167424	1350
recompressed_00001350.xz	xz	1350	169330	61264	1350
recompressed_00001400.bz2	bz2	1400	172073	1250751	1400
recompressed_00001400.gz	gz	1400	172073	385188	1400
recompressed_00001400.repair	repair	1400	172073	171008	1400
recompressed_00001400.xz	xz	1400	172073	62768	1400
recompressed_00001450.bz2	bz2	1450	175212	1298181	1450
recompressed_00001450.gz	gz	1450	175212	398250	1450
recompressed_00001450.repair	repair	1450	175212	175104	1450
recompressed_00001450.xz	xz	1450	175212	64496	1450
recompressed_00001500.bz2	bz2	1500	178375	1348844	1500
recompressed_00001500.gz	gz	1500	178375	411307	1500
recompressed_00001500.repair	repair	1500	178375	178176	1500
recompressed_00001500.xz	xz	1500	178375	66368	1500
recompressed_00001550.bz2	bz2	1550	181774	1383983	1550
recompressed_00001550.gz	gz	1550	181774	424850	1550
recompressed_00001550.repair	repair	1550	181774	182784	1550
recompressed_00001550.xz	xz	1550	181774	68556	1550
recompressed_00001600.bz2	bz2	1600	185358	1431887	1600
recompressed_00001600.gz	gz	1600	185358	438220	1600
recompressed_00001600.repair	repair	1600	185358	187904	1600
recompressed_00001600.xz	xz	1600	185358	70420	1600
recompressed_00001650.bz2	bz2	1650	188125	1481825	1650
recompressed_00001650.gz	gz	1650	188125	451219	1650
recompressed_00001650.repair	repair	1650	188125	191488	1650
recompressed_00001650.xz	xz	1650	188125	72204	1650
recompressed_00001700.bz2	bz2	1700	191065	1517261	1700
recompressed_00001700.gz	gz	1700	191065	464476	1700
recompressed_00001700.repair	repair	1700	191065	194048	1700
recompressed_00001700.xz	xz	1700	191065	73980	1700
recompressed_00001750.bz2	bz2	1750	193579	1567280	1750
recompressed_00001750.gz	gz	1750	193579	477930	1750
recompressed_00001750.repair	repair	1750	193579	197632	1750
recompressed_00001750.xz	xz	1750	193579	75952	1750
recompressed_00001800.bz2	bz2	1800	196643	1614862	1800
recompressed_00001800.gz	gz	1800	196643	491279	1800
recompressed_00001800.repair	repair	1800	196643	202752	1800
recompressed_00001800.xz	xz	1800	196643	77996	1800
recompressed_00001850.bz2	bz2	1850	199307	1649021	1850
recompressed_00001850.gz	gz	1850	199307	504409	1850
recompressed_00001850.repair	repair	1850	199307	205824	1850
recompressed_00001850.xz	xz	1850	199307	79916	1850
recompressed_00001900.bz2	bz2	1900	202368	1696198	1900
recompressed_00001900.gz	gz	1900	202368	517556	1900
recompressed_00001900.repair	repair	1900	202368	209920	1900
recompressed_00001900.xz	xz	1900	202368	81916	1900
recompressed_00001950.bz2	bz2	1950	204768	1746788	1950
recompressed_00001950.gz	gz	1950	204768	530357	1950
recompressed_00001950.repair	repair	1950	204768	214016	1950
recompressed_00001950.xz	xz	1950	204768	83484	1950
recompressed_00002000.bz2	bz2	2000	207805	1781325	2000
recompressed_00002000.gz	gz	2000	207805	543555	2000
recompressed_00002000.repair	repair	2000	207805	217088	2000
recompressed_00002000.xz	xz	2000	207805	85296	2000
recompressed_00002050.bz2	bz2	2050	210270	1831078	2050
recompressed_00002050.gz	gz	2050	210270	557093	2050
recompressed_00002050.repair	repair	2050	210270	222720	2050
recompressed_00002050.xz	xz	2050	210270	87336	2050
recompressed_00002100.bz2	bz2	2100	213084	1877358	2100
recompressed_00002100.gz	gz	2100	213084	570199	2100
recompressed_00002100.repair	repair	2100	213084	225280	2100
recompressed_00002100.xz	xz	2100	213084	89376	2100
recompressed_00002150.bz2	bz2	2150	215630	1913118	2150
recompressed_00002150.gz	gz	2150	215630	583243	2150
recompressed_00002150.repair	repair	2150	215630	228864	2150
recompressed_00002150.xz	xz	2150	215630	91124	2150
recompressed_00002200.bz2	bz2	2200	218266	1964875	2200
recompressed_00002200.gz	gz	2200	218266	596416	2200
recompressed_00002200.repair	repair	2200	218266	235008	2200
recompressed_00002200.xz	xz	2200	218266	93136	2200
recompressed_00002250.bz2	bz2	2250	220677	2012741	2250
recompressed_00002250.gz	gz	2250	220677	609711	2250
recompressed_00002250.repair	repair	2250	220677	238080	2250
recompressed_00002250.xz	xz	2250	220677	95068	2250
recompressed_00002300.bz2	bz2	2300	223008	2046701	2300
recompressed_00002300.gz	gz	2300	223008	622856	2300
recompressed_00002300.repair	repair	2300	223008	242688	2300
recompressed_00002300.xz	xz	2300	223008	96908	2300
recompressed_00002350.bz2	bz2	2350	225705	2096786	2350
recompressed_00002350.gz	gz	2350	225705	636108	2350
recompressed_00002350.repair	repair	2350	225705	246272	2350
recompressed_00002350.xz	xz	2350	225705	98924	2350
recompressed_00002400.bz2	bz2	2400	227405	2145085	2400
recompressed_00002400.gz	gz	2400	227405	648736	2400
recompressed_00002400.repair	repair	2400	227405	249344	2400
recompressed_00002400.xz	xz	2400	227405	100504	2400
recompressed_00002450.bz2	bz2	2450	229496	2178736	2450
recompressed_00002450.gz	gz	2450	229496	661686	2450
recompressed_00002450.repair	repair	2450	229496	252928	2450
recompressed_00002450.xz	xz	2450	229496	102088	2450
recompressed_00002500.bz2	bz2	2500	231548	2229375	2500
recompressed_00002500.gz	gz	2500	231548	674738	2500
recompressed_00002500.repair	repair	2500	231548	254976	2500
recompressed_00002500.xz	xz	2500	231548	103640	2500
recompressed_00002550.bz2	bz2	2550	233588	2276813	2550
recompressed_00002550.gz	gz	2550	233588	687470	2550
recompressed_00002550.repair	repair	2550	233588	258048	2550
recompressed_00002550.xz	xz	2550	233588	105508	2550
recompressed_00002600.bz2	bz2	2600	236266	2310200	2600
recompressed_00002600.gz	gz	2600	236266	700192	2600
recompressed_00002600.repair	repair	2600	236266	262144	2600
recompressed_00002600.xz	xz	2600	236266	107308	2600
recompressed_00002650.bz2	bz2	2650	238451	2362609	2650
recompressed_00002650.gz	gz	2650	238451	713376	2650
recompressed_00002650.repair	repair	2650	238451	265216	2650
recompressed_00002650.xz	xz	2650	238451	109300	2650
recompressed_00002700.bz2	bz2	2700	240488	2410704	2700
recompressed_00002700.gz	gz	2700	240488	726168	2700
recompressed_00002700.repair	repair	2700	240488	268288	2700
recompressed_00002700.xz	xz	2700	240488	111024	2700
recompressed_00002750.bz2	bz2	2750	242800	2441053	2750
recompressed_00002750.gz	gz	2750	242800	738859	2750
recompressed_00002750.repair	repair	2750	242800	270848	2750
recompressed_00002750.xz	xz	2750	242800	112808	2750
recompressed_00002800.bz2	bz2	2800	244606	2495241	2800
recompressed_00002800.gz	gz	2800	244606	752157	2800
recompressed_00002800.repair	repair	2800	244606	275968	2800
recompressed_00002800.xz	xz	2800	244606	114632	2800
recompressed_00002850.bz2	bz2	2850	246738	2543117	2850
recompressed_00002850.gz	gz	2850	246738	765137	2850
recompressed_00002850.repair	repair	2850	246738	279040	2850
recompressed_00002850.xz	xz	2850	246738	116456	2850
recompressed_00002900.bz2	bz2	2900	248671	2572585	2900
recompressed_00002900.gz	gz	2900	248671	778198	2900
recompressed_00002900.repair	repair	2900	248671	282624	2900
recompressed_00002900.xz	xz	2900	248671	118092	2900
recompressed_00002950.bz2	bz2	2950	250361	2626487	2950
recompressed_00002950.gz	gz	2950	250361	791087	2950
recompressed_00002950.repair	repair	2950	250361	285184	2950
recompressed_00002950.xz	xz	2950	250361	119836	2950
recompressed_00003000.bz2	bz2	3000	252617	2675217	3000
recompressed_00003000.gz	gz	3000	252617	803972	3000
recompressed_00003000.repair	repair	3000	252617	288768	3000
recompressed_00003000.xz	xz	3000	252617	121572	3000
recompressed_00003050.bz2	bz2	3050	254440	2705016	3050
recompressed_00003050.gz	gz	3050	254440	816702	3050
recompressed_00003050.repair	repair	3050	254440	291328	3050
recompressed_00003050.xz	xz	3050	254440	123184	3050
recompressed_00003100.bz2	bz2	3100	256480	2757497	3100
recompressed_00003100.gz	gz	3100	256480	829698	3100
recompressed_00003100.repair	repair	3100	256480	293888	3100
recompressed_00003100.xz	xz	3100	256480	124772	3100
recompressed_00003150.bz2	bz2	3150	258303	2807417	3150
recompressed_00003150.gz	gz	3150	258303	842352	3150
recompressed_00003150.repair	repair	3150	258303	296960	3150
recompressed_00003150.xz	xz	3150	258303	126376	3150
recompressed_00003200.bz2	bz2	3200	260254	2840669	3200
recompressed_00003200.gz	gz	3200	260254	855024	3200
recompressed_00003200.repair	repair	3200	260254	299520	3200
recompressed_00003200.xz	xz	3200	260254	128040	3200
recompressed_00003250.bz2	bz2	3250	262765	2890514	3250
recompressed_00003250.gz	gz	3250	262765	868506	3250
recompressed_00003250.repair	repair	3250	262765	303616	3250
recompressed_00003250.xz	xz	3250	262765	130000	3250
recompressed_00003300.bz2	bz2	3300	264618	2939428	3300
recompressed_00003300.gz	gz	3300	264618	881183	3300
recompressed_00003300.repair	repair	3300	264618	305664	3300
recompressed_00003300.xz	xz	3300	264618	131496	3300
recompressed_00003350.bz2	bz2	3350	266500	2976591	3350
recompressed_00003350.gz	gz	3350	266500	894194	3350
recompressed_00003350.repair	repair	3350	266500	309760	3350
recompressed_00003350.xz	xz	3350	266500	133172	3350
recompressed_00003400.bz2	bz2	3400	268806	3022675	3400
recompressed_00003400.gz	gz	3400	268806	906990	3400
recompressed_00003400.repair	repair	3400	268806	310784	3400
recompressed_00003400.xz	xz	3400	268806	134764	3400
recompressed_00003450.bz2	bz2	3450	271259	3071498	3450
recompressed_00003450.gz	gz	3450	271259	919859	3450
recompressed_00003450.repair	repair	3450	271259	316416	3450
recompressed_00003450.xz	xz	3450	271259	136452	3450
recompressed_00003500.bz2	bz2	3500	273541	3111177	3500
recompressed_00003500.gz	gz	3500	273541	932890	3500
recompressed_00003500.repair	repair	3500	273541	319488	3500
recompressed_00003500.xz	xz	3500	273541	138272	3500
recompressed_00003550.bz2	bz2	3550	275501	3155458	3550
recompressed_00003550.gz	gz	3550	275501	945780	3550
recompressed_00003550.repair	repair	3550	275501	322560	3550
recompressed_00003550.xz	xz	3550	275501	140040	3550
recompressed_00003600.bz2	bz2	3600	277169	3202596	3600
recompressed_00003600.gz	gz	3600	277169	958553	3600
recompressed_00003600.repair	repair	3600	277169	325120	3600
recompressed_00003600.xz	xz	3600	277169	141596	3600
recompressed_00003650.bz2	bz2	3650	278726	3244306	3650
recompressed_00003650.gz	gz	3650	278726	971265	3650
recompressed_00003650.repair	repair	3650	278726	326656	3650
recompressed_00003650.xz	xz	3650	278726	143320	3650
recompressed_00003700.bz2	bz2	3700	280725	3286553	3700
recompressed_00003700.gz	gz	3700	280725	983859	3700
recompressed_00003700.repair	repair	3700	280725	330240	3700
recompressed_00003700.xz	xz	3700	280725	144992	3700
recompressed_00003750.bz2	bz2	3750	281845	3334310	3750
recompressed_00003750.gz	gz	3750	281845	996641	3750
recompressed_00003750.repair	repair	3750	281845	332800	3750
recompressed_00003750.xz	xz	3750	281845	146504	3750
recompressed_00003800.bz2	bz2	3800	283491	3378655	3800
recompressed_00003800.gz	gz	3800	283491	1010046	3800
recompressed_00003800.repair	repair	3800	283491	337920	3800
recompressed_00003800.xz	xz	3800	283491	148228	3800
recompressed_00003850.bz2	bz2	3850	285596	3418629	3850
recompressed_00003850.gz	gz	3850	285596	1023187	3850
recompressed_00003850.repair	repair	3850	285596	340480	3850
recompressed_00003850.xz	xz	3850	285596	149860	3850
recompressed_00003900.bz2	bz2	3900	287377	3466691	3900
recompressed_00003900.gz	gz	3900	287377	1036226	3900
recompressed_00003900.repair	repair	3900	287377	342016	3900
recompressed_00003900.xz	xz	3900	287377	151520	3900
recompressed_00003950.bz2	bz2	3950	288419	3510871	3950
recompressed_00003950.gz	gz	3950	288419	1048768	3950
recompressed_00003950.repair	repair	3950	288419	345088	3950
recompressed_00003950.xz	xz	3950	288419	152848	3950
recompressed_00004000.bz2	bz2	4000	290262	3547617	4000
recompressed_00004000.gz	gz	4000	290262	1062047	4000
recompressed_00004000.repair	repair	4000	290262	348160	4000
recompressed_00004000.xz	xz	4000	290262	154656	4000
recompressed_00004050.bz2	bz2	4050	292673	3598274	4050
recompressed_00004050.gz	gz	4050	292673	1075237	4050
recompressed_00004050.repair	repair	4050	292673	351744	4050
recompressed_00004050.xz	xz	4050	292673	156544	4050
recompressed_00004100.bz2	bz2	4100	294789	3644285	4100
recompressed_00004100.gz	gz	4100	294789	1088375	4100
recompressed_00004100.repair	repair	4100	294789	354304	4100
recompressed_00004100.xz	xz	4100	294789	158436	4100
recompressed_00004150.bz2	bz2	4150	295948	3682188	4150
recompressed_00004150.gz	gz	4150	295948	1100923	4150
recompressed_00004150.repair	repair	4150	295948	356864	4150
recompressed_00004150.xz	xz	4150	295948	159956	4150
recompressed_00004200.bz2	bz2	4200	297273	3729974	4200
recompressed_00004200.gz	gz	4200	297273	1113729	4200
recompressed_00004200.repair	repair	4200	297273	360448	4200
recompressed_00004200.xz	xz	4200	297273	161548	4200
recompressed_00004250.bz2	bz2	4250	298810	3774680	4250
recompressed_00004250.gz	gz	4250	298810	1126077	4250
recompressed_00004250.repair	repair	4250	298810	362496	4250
recompressed_00004250.xz	xz	4250	298810	163096	4250
recompressed_00004300.bz2	bz2	4300	300458	3811271	4300
recompressed_00004300.gz	gz	4300	300458	1138555	4300
recompressed_00004300.repair	repair	4300	300458	366080	4300
recompressed_00004300.xz	xz	4300	300458	164668	4300
recompressed_00004350.bz2	bz2	4350	302100	3860247	4350
recompressed_00004350.gz	gz	4350	302100	1151564	4350
recompressed_00004350.repair	repair	4350	302100	368640	4350
recompressed_00004350.xz	xz	4350	302100	166340	4350
recompressed_00004400.bz2	bz2	4400	303206	3908040	4400
recompressed_00004400.gz	gz	4400	303206	1164228	4400
recompressed_00004400.repair	repair	4400	303206	371200	4400
recompressed_00004400.xz	xz	4400	303206	167648	4400
recompressed_00004450.bz2	bz2	4450	304314	3942805	4450
recompressed_00004450.gz	gz	4450	304314	1177038	4450
recompressed_00004450.repair	repair	4450	304314	371712	4450
recompressed_00004450.xz	xz	4450	304314	169152	4450
recompressed_00004500.bz2	bz2	4500	305882	3991341	4500
recompressed_00004500.gz	gz	4500	305882	1190533	4500
recompressed_00004500.repair	repair	4500	305882	376320	4500
recompressed_00004500.xz	xz	4500	305882	170864	4500
recompressed_00004550.bz2	bz2	4550	307014	4041107	4550
recompressed_00004550.gz	gz	4550	307014	1202725	4550
recompressed_00004550.repair	repair	4550	307014	378368	4550
recompressed_00004550.xz	xz	4550	307014	172188	4550
recompressed_00004600.bz2	bz2	4600	308815	4076467	4600
recompressed_00004600.gz	gz	4600	308815	1215912	4600
recompressed_00004600.repair	repair	4600	308815	382976	4600
recompressed_00004600.xz	xz	4600	308815	173988	4600
recompressed_00004650.bz2	bz2	4650	310173	4122380	4650
recompressed_00004650.gz	gz	4650	310173	1228458	4650
recompressed_00004650.repair	repair	4650	310173	384512	4650
recompressed_00004650.xz	xz	4650	310173	175592	4650
recompressed_00004700.bz2	bz2	4700	311731	4173176	4700
recompressed_00004700.gz	gz	4700	311731	1241845	4700
recompressed_00004700.repair	repair	4700	311731	388096	4700
recompressed_00004700.xz	xz	4700	311731	177388	4700
recompressed_00004750.bz2	bz2	4750	313583	4208604	4750
recompressed_00004750.gz	gz	4750	313583	1254766	4750
recompressed_00004750.repair	repair	4750	313583	390656	4750
recompressed_00004750.xz	xz	4750	313583	179116	4750
recompressed_00004800.bz2	bz2	4800	315118	4257936	4800
recompressed_00004800.gz	gz	4800	315118	1267457	4800
recompressed_00004800.repair	repair	4800	315118	393216	4800
recompressed_00004800.xz	xz	4800	315118	180716	4800
recompressed_00004850.bz2	bz2	4850	316323	4305403	4850
recompressed_00004850.gz	gz	4850	316323	1279903	4850
recompressed_00004850.repair	repair	4850	316323	395264	4850
recompressed_00004850.xz	xz	4850	316323	182336	4850
recompressed_00004900.bz2	bz2	4900	317651	4339635	4900
recompressed_00004900.gz	gz	4900	317651	1292302	4900
recompressed_00004900.repair	repair	4900	317651	398848	4900
recompressed_00004900.xz	xz	4900	317651	183952	4900
recompressed_00004950.bz2	bz2	4950	319155	4387043	4950
recompressed_00004950.gz	gz	4950	319155	1305128	4950
recompressed_00004950.repair	repair	4950	319155	402432	4950
recompressed_00004950.xz	xz	4950	319155	185604	4950
recompressed_00005000.bz2	bz2	5000	320364	4436147	5000
recompressed_00005000.gz	gz	5000	320364	1317801	5000
recompressed_00005000.repair	repair	5000	320364	404992	5000
recompressed_00005000.xz	xz	5000	320364	187108	5000
recompressed_00005050.bz2	bz2	5050	321724	4470070	5050
recompressed_00005050.gz	gz	5050	321724	1330407	5050
recompressed_00005050.repair	repair	5050	321724	407552	5050
recompressed_00005050.xz	xz	5050	321724	188684	5050
recompressed_00005100.bz2	bz2	5100	323406	4520372	5100
recompressed_00005100.gz	gz	5100	323406	1343225	5100
recompressed_00005100.repair	repair	5100	323406	410624	5100
recompressed_00005100.xz	xz	5100	323406	190392	5100
recompressed_00005150.bz2	bz2	5150	325379	4565886	5150
recompressed_00005150.gz	gz	5150	325379	1356143	5150
recompressed_00005150.repair	repair	5150	325379	411648	5150
recompressed_00005150.xz	xz	5150	325379	192000	5150
recompressed_00005200.bz2	bz2	5200	326846	4602216	5200
recompressed_00005200.gz	gz	5200	326846	1369606	5200
recompressed_00005200.repair	repair	5200	326846	415232	5200
recompressed_00005200.xz	xz	5200	326846	193720	5200
recompressed_00005250.bz2	bz2	5250	328300	4652862	5250
recompressed_00005250.gz	gz	5250	328300	1382459	5250
recompressed_00005250.repair	repair	5250	328300	419840	5250
recompressed_00005250.xz	xz	5250	328300	195288	5250
recompressed_00005300.bz2	bz2	5300	329570	4700525	5300
recompressed_00005300.gz	gz	5300	329570	1395092	5300
recompressed_00005300.repair	repair	5300	329570	419328	5300
recompressed_00005300.xz	xz	5300	329570	196716	5300
recompressed_00005350.bz2	bz2	5350	331165	4733336	5350
recompressed_00005350.gz	gz	5350	331165	1407947	5350
recompressed_00005350.repair	repair	5350	331165	424960	5350
recompressed_00005350.xz	xz	5350	331165	198232	5350
recompressed_00005400.bz2	bz2	5400	332630	4784734	5400
recompressed_00005400.gz	gz	5400	332630	1420811	5400
recompressed_00005400.repair	repair	5400	332630	425984	5400
recompressed_00005400.xz	xz	5400	332630	199636	5400
recompressed_00005450.bz2	bz2	5450	334175	4831274	5450
recompressed_00005450.gz	gz	5450	334175	1433722	5450
recompressed_00005450.repair	repair	5450	334175	428544	5450
recompressed_00005450.xz	xz	5450	334175	201044	5450
recompressed_00005500.bz2	bz2	5500	336035	4866735	5500
recompressed_00005500.gz	gz	5500	336035	1446842	5500
recompressed_00005500.repair	repair	5500	336035	432128	5500
recompressed_00005500.xz	xz	5500	336035	203036	5500
recompressed_00005550.bz2	bz2	5550	336986	4915761	5550
recompressed_00005550.gz	gz	5550	336986	1459592	5550
recompressed_00005550.repair	repair	5550	336986	434688	5550
recompressed_00005550.xz	xz	5550	336986	204464	5550
recompressed_00005600.bz2	bz2	5600	338417	4963219	5600
recompressed_00005600.gz	gz	5600	338417	1472247	5600
recompressed_00005600.repair	repair	5600	338417	437760	5600
recompressed_00005600.xz	xz	5600	338417	206004	5600
recompressed_00005650.bz2	bz2	5650	339656	4997239	5650
recompressed_00005650.gz	gz	5650	339656	1484555	5650
recompressed_00005650.repair	repair	5650	339656	440320	5650
recompressed_00005650.xz	xz	5650	339656	207340	5650
recompressed_00005700.bz2	bz2	5700	340741	5048514	5700
recompressed_00005700.gz	gz	5700	340741	1497211	5700
recompressed_00005700.repair	repair	5700	340741	441344	5700
recompressed_00005700.xz	xz	5700	340741	208604	5700
recompressed_00005750.bz2	bz2	5750	342381	5096454	5750
recompressed_00005750.gz	gz	5750	342381	1510323	5750
recompressed_00005750.repair	repair	5750	342381	445440	5750
recompressed_00005750.xz	xz	5750	342381	210476	5750
recompressed_00005800.bz2	bz2	5800	344146	5127837	5800
recompressed_00005800.gz	gz	5800	344146	1522966	5800
recompressed_00005800.repair	repair	5800	344146	448512	5800
recompressed_00005800.xz	xz	5800	344146	212204	5800
recompressed_00005850.bz2	bz2	5850	345122	5179913	5850
recompressed_00005850.gz	gz	5850	345122	1535388	5850
recompressed_00005850.repair	repair	5850	345122	450048	5850
recompressed_00005850.xz	xz	5850	345122	213476	5850
recompressed_00005900.bz2	bz2	5900	346272	5228420	5900
recompressed_00005900.gz	gz	5900	346272	1548312	5900
recompressed_00005900.repair	repair	5900	346272	453120	5900
recompressed_00005900.xz	xz	5900	346272	215060	5900
recompressed_00005950.bz2	bz2	5950	347956	5258056	5950
recompressed_00005950.gz	gz	5950	347956	1561254	5950
recompressed_00005950.repair	repair	5950	347956	456704	5950
recompressed_00005950.xz	xz	5950	347956	216676	5950
recompressed_00006000.bz2	bz2	6000	349084	5311877	6000
recompressed_00006000.gz	gz	6000	349084	1574168	6000
recompressed_00006000.repair	repair	6000	349084	459264	6000
recompressed_00006000.xz	xz	6000	349084	218152	6000
recompressed_00006050.bz2	bz2	6050	351055	5359521	6050
recompressed_00006050.gz	gz	6050	351055	1586809	6050
recompressed_00006050.repair	repair	6050	351055	462848	6050
recompressed_00006050.xz	xz	6050	351055	219888	6050
recompressed_00006100.bz2	bz2	6100	352306	5390169	6100
recompressed_00006100.gz	gz	6100	352306	1599534	6100
recompressed_00006100.repair	repair	6100	352306	465408	6100
recompressed_00006100.xz	xz	6100	352306	221368	6100
recompressed_00006150.bz2	bz2	6150	353748	5442676	6150
recompressed_00006150.gz	gz	6150	353748	1612081	6150
recompressed_00006150.repair	repair	6150	353748	467456	6150
recompressed_00006150.xz	xz	6150	353748	222732	6150
recompressed_00006200.bz2	bz2	6200	355815	5492040	6200
recompressed_00006200.gz	gz	6200	355815	1624952	6200
recompressed_00006200.repair	repair	6200	355815	469504	6200
recompressed_00006200.xz	xz	6200	355815	224364	6200
recompressed_00006250.bz2	bz2	6250	357408	5525684	6250
recompressed_00006250.gz	gz	6250	357408	1637997	6250
recompressed_00006250.repair	repair	6250	357408	473088	6250
recompressed_00006250.xz	xz	6250	357408	226020	6250
recompressed_00006300.bz2	bz2	6300	358699	5574727	6300
recompressed_00006300.gz	gz	6300	358699	1651122	6300
recompressed_00006300.repair	repair	6300	358699	476160	6300
recompressed_00006300.xz	xz	6300	358699	227680	6300
recompressed_00006350.bz2	bz2	6350	360315	5624623	6350
recompressed_00006350.gz	gz	6350	360315	1664592	6350
recompressed_00006350.repair	repair	6350	360315	479744	6350
recompressed_00006350.xz	xz	6350	360315	229532	6350
recompressed_00006400.bz2	bz2	6400	361271	5661089	6400
recompressed_00006400.gz	gz	6400	361271	1677543	6400
recompressed_00006400.repair	repair	6400	361271	480768	6400
recompressed_00006400.xz	xz	6400	361271	231108	6400
recompressed_00006450.bz2	bz2	6450	362226	5707090	6450
recompressed_00006450.gz	gz	6450	362226	1690113	6450
recompressed_00006450.repair	repair	6450	362226	485376	6450
recompressed_00006450.xz	xz	6450	362226	232536	6450
recompressed_00006500.bz2	bz2	6500	363631	5755784	6500
recompressed_00006500.gz	gz	6500	363631	1702800	6500
recompressed_00006500.repair	repair	6500	363631	485376	6500
recompressed_00006500.xz	xz	6500	363631	233896	6500
recompressed_00006550.bz2	bz2	6550	364685	5795719	6550
recompressed_00006550.gz	gz	6550	364685	1715391	6550
recompressed_00006550.repair	repair	6550	364685	489472	6550
recompressed_00006550.xz	xz	6550	364685	235308	6550
recompressed_00006600.bz2	bz2	6600	365762	5839182	6600
recompressed_00006600.gz	gz	6600	365762	1727812	6600
recompressed_00006600.repair	repair	6600	365762	491008	6600
recompressed_00006600.xz	xz	6600	365762	236736	6600
recompressed_00006650.bz2	bz2	6650	366890	5886951	6650
recompressed_00006650.gz	gz	6650	366890	1740667	6650
recompressed_00006650.repair	repair	6650	366890	494592	6650
recompressed_00006650.xz	xz	6650	366890	237952	6650
recompressed_00006700.bz2	bz2	6700	368004	5927470	6700
recompressed_00006700.gz	gz	6700	368004	1752941	6700
recompressed_00006700.repair	repair	6700	368004	496640	6700
recompressed_00006700.xz	xz	6700	368004	239408	6700
recompressed_00006750.bz2	bz2	6750	369374	5970624	6750
recompressed_00006750.gz	gz	6750	369374	1765814	6750
recompressed_00006750.repair	repair	6750	369374	499200	6750
recompressed_00006750.xz	xz	6750	369374	240972	6750
recompressed_00006800.bz2	bz2	6800	370691	6017976	6800
recompressed_00006800.gz	gz	6800	370691	1778793	6800
recompressed_00006800.repair	repair	6800	370691	503808	6800
recompressed_00006800.xz	xz	6800	370691	242576	6800
recompressed_00006850.bz2	bz2	6850	371949	6060518	6850
recompressed_00006850.gz	gz	6850	371949	1791077	6850
recompressed_00006850.repair	repair	6850	371949	505344	6850
recompressed_00006850.xz	xz	6850	371949	243940	6850
recompressed_00006900.bz2	bz2	6900	372966	6101260	6900
recompressed_00006900.gz	gz	6900	372966	1803551	6900
recompressed_00006900.repair	repair	6900	372966	506880	6900
recompressed_00006900.xz	xz	6900	372966	245504	6900
recompressed_00006950.bz2	bz2	6950	374732	6149771	6950
recompressed_00006950.gz	gz	6950	374732	1816921	6950
recompressed_00006950.repair	repair	6950	374732	510976	6950
recompressed_00006950.xz	xz	6950	374732	247252	6950
recompressed_00007000.bz2	bz2	7000	375564	6194051	7000
recompressed_00007000.gz	gz	7000	375564	1829366	7000
recompressed_00007000.repair	repair	7000	375564	510464	7000
recompressed_00007000.xz	xz	7000	375564	248564	7000
recompressed_00007050.bz2	bz2	7050	377298	6232265	7050
recompressed_00007050.gz	gz	7050	377298	1842754	7050
recompressed_00007050.repair	repair	7050	377298	515072	7050
recompressed_00007050.xz	xz	7050	377298	250260	7050
recompressed_00007100.bz2	bz2	7100	378625	6280731	7100
recompressed_00007100.gz	gz	7100	378625	1855424	7100
recompressed_00007100.repair	repair	7100	378625	519680	7100
recompressed_00007100.xz	xz	7100	378625	251692	7100
recompressed_00007150.bz2	bz2	7150	379754	6326349	7150
recompressed_00007150.gz	gz	7150	379754	1868326	7150
recompressed_00007150.repair	repair	7150	379754	522240	7150
recompressed_00007150.xz	xz	7150	379754	253288	7150
recompressed_00007200.bz2	bz2	7200	380945	6364244	7200
recompressed_00007200.gz	gz	7200	380945	1880914	7200
recompressed_00007200.repair	repair	7200	380945	525312	7200
recompressed_00007200.xz	xz	7200	380945	254712	7200
recompressed_00007250.bz2	bz2	7250	382233	6412192	7250
recompressed_00007250.gz	gz	7250	382233	1893105	7250
recompressed_00007250.repair	repair	7250	382233	527872	7250
recompressed_00007250.xz	xz	7250	382233	255952	7250
recompressed_00007300.bz2	bz2	7300	383604	6457747	7300
recompressed_00007300.gz	gz	7300	383604	1906014	7300
recompressed_00007300.repair	repair	7300	383604	529408	7300
recompressed_00007300.xz	xz	7300	383604	257564	7300
recompressed_00007350.bz2	bz2	7350	384928	6493964	7350
recompressed_00007350.gz	gz	7350	384928	1918698	7350
recompressed_00007350.repair	repair	7350	384928	531456	7350
recompressed_00007350.xz	xz	7350	384928	259016	7350
recompressed_00007400.bz2	bz2	7400	386209	6544002	7400
recompressed_00007400.gz	gz	7400	386209	1931776	7400
recompressed_00007400.repair	repair	7400	386209	532992	7400
recompressed_00007400.xz	xz	7400	386209	260740	7400
recompressed_00007450.bz2	bz2	7450	387777	6590628	7450
recompressed_00007450.gz	gz	7450	387777	1944559	7450
recompressed_00007450.repair	repair	7450	387777	537600	7450
recompressed_00007450.xz	xz	7450	387777	262280	7450
recompressed_00007500.bz2	bz2	7500	389080	6625937	7500
recompressed_00007500.gz	gz	7500	389080	1957376	7500
recompressed_00007500.repair	repair	7500	389080	540160	7500
recompressed_00007500.xz	xz	7500	389080	264016	7500
recompressed_00007550.bz2	bz2	7550	390569	6675306	7550
recompressed_00007550.gz	gz	7550	390569	1969843	7550
recompressed_00007550.repair	repair	7550	390569	543232	7550
recompressed_00007550.xz	xz	7550	390569	265416	7550
recompressed_00007600.bz2	bz2	7600	391738	6723016	7600
recompressed_00007600.gz	gz	7600	391738	1983093	7600
recompressed_00007600.repair	repair	7600	391738	544768	7600
recompressed_00007600.xz	xz	7600	391738	267080	7600
recompressed_00007650.bz2	bz2	7650	392729	6758671	7650
recompressed_00007650.gz	gz	7650	392729	1995863	7650
recompressed_00007650.repair	repair	7650	392729	547328	7650
recompressed_00007650.xz	xz	7650	392729	268356	7650
recompressed_00007700.bz2	bz2	7700	394026	6804901	7700
recompressed_00007700.gz	gz	7700	394026	2009345	7700
recompressed_00007700.repair	repair	7700	394026	550912	7700
recompressed_00007700.xz	xz	7700	394026	270168	7700
recompressed_00007750.bz2	bz2	7750	395794	6856892	7750
recompressed_00007750.gz	gz	7750	395794	2022212	7750
recompressed_00007750.repair	repair	7750	395794	553984	7750
recompressed_00007750.xz	xz	7750	395794	271872	7750
recompressed_00007800.bz2	bz2	7800	397088	6890633	7800
recompressed_00007800.gz	gz	7800	397088	2034631	7800
recompressed_00007800.repair	repair	7800	397088	555520	7800
recompressed_00007800.xz	xz	7800	397088	273436	7800
recompressed_00007850.bz2	bz2	7850	398096	6938775	7850
recompressed_00007850.gz	gz	7850	398096	2047214	7850
recompressed_00007850.repair	repair	7850	398096	556544	7850
recompressed_00007850.xz	xz	7850	398096	274840	7850
recompressed_00007900.bz2	bz2	7900	399465	6987682	7900
recompressed_00007900.gz	gz	7900	399465	2059354	7900
recompressed_00007900.repair	repair	7900	399465	559104	7900
recompressed_00007900.xz	xz	7900	399465	276136	7900
recompressed_00007950.bz2	bz2	7950	400942	7021463	7950
recompressed_00007950.gz	gz	7950	400942	2072446	7950
recompressed_00007950.repair	repair	7950	400942	563712	7950
recompressed_00007950.xz	xz	7950	400942	277752	7950
recompressed_00008000.bz2	bz2	8000	402113	7068548	8000
recompressed_00008000.gz	gz	8000	402113	2085100	8000
recompressed_00008000.repair	repair	8000	402113	562688	8000
recompressed_00008000.xz	xz	8000	402113	279196	8000
recompressed_00008050.bz2	bz2	8050	403095	7117719	8050
recompressed_00008050.gz	gz	8050	403095	2097758	8050
recompressed_00008050.repair	repair	8050	403095	566272	8050
recompressed_00008050.xz	xz	8050	403095	280744	8050
recompressed_00008100.bz2	bz2	8100	404408	7153060	8100
recompressed_00008100.gz	gz	8100	404408	2110469	8100
recompressed_00008100.repair	repair	8100	404408	568320	8100
recompressed_00008100.xz	xz	8100	404408	282236	8100
recompressed_00008150.bz2	bz2	8150	405209	7201421	8150
recompressed_00008150.gz	gz	8150	405209	2123047	8150
recompressed_00008150.repair	repair	8150	405209	569856	8150
recompressed_00008150.xz	xz	8150	405209	283508	8150
recompressed_00008200.bz2	bz2	8200	406172	7248483	8200
recompressed_00008200.gz	gz	8200	406172	2135756	8200
recompressed_00008200.repair	repair	8200	406172	571904	8200
recompressed_00008200.xz	xz	8200	406172	285040	8200
recompressed_00008250.bz2	bz2	8250	407233	7283178	8250
recompressed_00008250.gz	gz	8250	407233	2148407	8250
recompressed_00008250.repair	repair	8250	407233	574464	8250
recompressed_00008250.xz	xz	8250	407233	286564	8250
recompressed_00008300.bz2	bz2	8300	408440	7333395	8300
recompressed_00008300.gz	gz	8300	408440	2160751	8300
recompressed_00008300.repair	repair	8300	408440	577536	8300
recompressed_00008300.xz	xz	8300	408440	287948	8300
recompressed_00008350.bz2	bz2	8350	409259	7380209	8350
recompressed_00008350.gz	gz	8350	409259	2174659	8350
recompressed_00008350.repair	repair	8350	409259	579584	8350
recompressed_00008350.xz	xz	8350	409259	289712	8350
recompressed_00008400.bz2	bz2	8400	410121	7413626	8400
recompressed_00008400.gz	gz	8400	410121	2187791	8400
recompressed_00008400.repair	repair	8400	410121	581632	8400
recompressed_00008400.xz	xz	8400	410121	291240	8400
recompressed_00008450.bz2	bz2	8450	411039	7465823	8450
recompressed_00008450.gz	gz	8450	411039	2200315	8450
recompressed_00008450.repair	repair	8450	411039	584192	8450
recompressed_00008450.xz	xz	8450	411039	292688	8450
recompressed_00008500.bz2	bz2	8500	412238	7513481	8500
recompressed_00008500.gz	gz	8500	412238	2212699	8500
recompressed_00008500.repair	repair	8500	412238	588288	8500
recompressed_00008500.xz	xz	8500	412238	293984	8500
recompressed_00008550.bz2	bz2	8550	413103	7546110	8550
recompressed_00008550.gz	gz	8550	413103	2225453	8550
recompressed_00008550.repair	repair	8550	413103	590848	8550
recompressed_00008550.xz	xz	8550	413103	295256	8550
recompressed_00008600.bz2	bz2	8600	414699	7596322	8600
recompressed_00008600.gz	gz	8600	414699	2238262	8600
recompressed_00008600.repair	repair	8600	414699	593408	8600
recompressed_00008600.xz	xz	8600	414699	296868	8600
recompressed_00008650.bz2	bz2	8650	415857	7642186	8650
recompressed_00008650.gz	gz	8650	415857	2251215	8650
recompressed_00008650.repair	repair	8650	415857	595456	8650
recompressed_00008650.xz	xz	8650	415857	298256	8650
recompressed_00008700.bz2	bz2	8700	416796	7678346	8700
recompressed_00008700.gz	gz	8700	416796	2264209	8700
recompressed_00008700.repair	repair	8700	416796	598016	8700
recompressed_00008700.xz	xz	8700	416796	299796	8700
recompressed_00008750.bz2	bz2	8750	418140	7729179	8750
recompressed_00008750.gz	gz	8750	418140	2276911	8750
recompressed_00008750.repair	repair	8750	418140	601088	8750
recompressed_00008750.xz	xz	8750	418140	301448	8750
recompressed_00008800.bz2	bz2	8800	419171	7777383	8800
recompressed_00008800.gz	gz	8800	419171	2289407	8800
recompressed_00008800.repair	repair	8800	419171	602112	8800
recompressed_00008800.xz	xz	8800	419171	303120	8800
recompressed_00008850.bz2	bz2	8850	420037	7808784	8850
recompressed_00008850.gz	gz	8850	420037	2302222	8850
recompressed_00008850.repair	repair	8850	420037	605184	8850
recompressed_00008850.xz	xz	8850	420037	304564	8850
recompressed_00008900.bz2	bz2	8900	420958	7862344	8900
recompressed_00008900.gz	gz	8900	420958	2314443	8900
recompressed_00008900.repair	repair	8900	420958	607744	8900
recompressed_00008900.xz	xz	8900	420958	305920	8900
recompressed_00008950.bz2	bz2	8950	422165	7909700	8950
recompressed_00008950.gz	gz	8950	422165	2326971	8950
recompressed_00008950.repair	repair	8950	422165	609280	8950
recompressed_00008950.xz	xz	8950	422165	307272	8950
recompressed_00009000.bz2	bz2	9000	422948	7939012	9000
recompressed_00009000.gz	gz	9000	422948	2339199	9000
recompressed_00009000.repair	repair	9000	422948	611840	9000
recompressed_00009000.xz	xz	9000	422948	308520	9000
recompressed_00009050.bz2	bz2	9050	424145	7992062	9050
recompressed_00009050.gz	gz	9050	424145	2352312	9050
recompressed_00009050.repair	repair	9050	424145	614400	9050
recompressed_00009050.xz	xz	9050	424145	310116	9050
recompressed_00009100.bz2	bz2	9100	425199	8041278	9100
recompressed_00009100.gz	gz	9100	425199	2365187	9100
recompressed_00009100.repair	repair	9100	425199	615936	9100
recompressed_00009100.xz	xz	9100	425199	311492	9100
recompressed_00009150.bz2	bz2	9150	426329	8070352	9150
recompressed_00009150.gz	gz	9150	426329	2377314	9150
recompressed_00009150.repair	repair	9150	426329	619520	9150
recompressed_00009150.xz	xz	9150	426329	312748	9150
recompressed_00009200.bz2	bz2	9200	427316	8122258	9200
recompressed_00009200.gz	gz	9200	427316	2389721	9200
recompressed_00009200.repair	repair	9200	427316	620032	9200
recompressed_00009200.xz	xz	9200	427316	313904	9200
recompressed_00009250.bz2	bz2	9250	427940	8171147	9250
recompressed_00009250.gz	gz	9250	427940	2401877	9250
recompressed_00009250.repair	repair	9250	427940	622592	9250
recompressed_00009250.xz	xz	9250	427940	315124	9250
recompressed_00009300.bz2	bz2	9300	429046	8203358	9300
recompressed_00009300.gz	gz	9300	429046	2415149	9300
recompressed_00009300.repair	repair	9300	429046	625664	9300
recompressed_00009300.xz	xz	9300	429046	316492	9300
recompressed_00009350.bz2	bz2	9350	430206	8253727	9350
recompressed_00009350.gz	gz	9350	430206	2427543	9350
recompressed_00009350.repair	repair	9350	430206	627200	9350
recompressed_00009350.xz	xz	9350	430206	317856	9350
recompressed_00009400.bz2	bz2	9400	431194	8302911	9400
recompressed_00009400.gz	gz	9400	431194	2439628	9400
recompressed_00009400.repair	repair	9400	431194	628736	9400
recompressed_00009400.xz	xz	9400	431194	319184	9400
recompressed_00009450.bz2	bz2	9450	432054	8339802	9450
recompressed_00009450.gz	gz	9450	432054	2452025	9450
recompressed_00009450.repair	repair	9450	432054	631296	9450
recompressed_00009450.xz	xz	9450	432054	320704	9450
recompressed_00009500.bz2	bz2	9500	432983	8385896	9500
recompressed_00009500.gz	gz	9500	432983	2464946	9500
recompressed_00009500.repair	repair	9500	432983	631808	9500
recompressed_00009500.xz	xz	9500	432983	322092	9500
recompressed_00009550.bz2	bz2	9550	433967	8434757	9550
recompressed_00009550.gz	gz	9550	433967	2477436	9550
recompressed_00009550.repair	repair	9550	433967	634880	9550
recompressed_00009550.xz	xz	9550	433967	323448	9550
recompressed_00009600.bz2	bz2	9600	434766	8471396	9600
recompressed_00009600.gz	gz	9600	434766	2489843	9600
recompressed_00009600.repair	repair	9600	434766	636416	9600
recompressed_00009600.xz	xz	9600	434766	324640	9600
recompressed_00009650.bz2	bz2	9650	435843	8517196	9650
recompressed_00009650.gz	gz	9650	435843	2502717	9650
recompressed_00009650.repair	repair	9650	435843	638464	9650
recompressed_00009650.xz	xz	9650	435843	326096	9650
recompressed_00009700.bz2	bz2	9700	436954	8564922	9700
recompressed_00009700.gz	gz	9700	436954	2515491	9700
recompressed_00009700.repair	repair	9700	436954	641536	9700
recompressed_00009700.xz	xz	9700	436954	327632	9700
recompressed_00009750.bz2	bz2	9750	437728	8605437	9750
recompressed_00009750.gz	gz	9750	437728	2527658	9750
recompressed_00009750.repair	repair	9750	437728	645120	9750
recompressed_00009750.xz	xz	9750	437728	329008	9750
recompressed_00009800.bz2	bz2	9800	438627	8647850	9800
recompressed_00009800.gz	gz	9800	438627	2540780	9800
recompressed_00009800.repair	repair	9800	438627	647168	9800
recompressed_00009800.xz	xz	9800	438627	330612	9800
recompressed_00009850.bz2	bz2	9850	439328	8695590	9850
recompressed_00009850.gz	gz	9850	439328	2553497	9850
recompressed_00009850.repair	repair	9850	439328	651264	9850
recompressed_00009850.xz	xz	9850	439328	332016	9850
recompressed_00009900.bz2	bz2	9900	440661	8740582	9900
recompressed_00009900.gz	gz	9900	440661	2566031	9900
recompressed_00009900.repair	repair	9900	440661	652800	9900
recompressed_00009900.xz	xz	9900	440661	333360	9900
recompressed_00009950.bz2	bz2	9950	441595	8779047	9950
recompressed_00009950.gz	gz	9950	441595	2579087	9950
recompressed_00009950.repair	repair	9950	441595	654848	9950
recompressed_00009950.xz	xz	9950	441595	335064	9950
recompressed_00010000.bz2	bz2	10000	442355	8828291	10000
recompressed_00010000.gz	gz	10000	442355	2591712	10000
recompressed_00010000.repair	repair	10000	442355	657920	10000
recompressed_00010000.xz	xz	10000	442355	336288	10000
recompressed_00020000.bz2	bz2	20000	599238	17578243	20000
recompressed_00020000.gz	gz	20000	599238	5100076	20000
recompressed_00020000.repair	repair	20000	599238	1075200	20000
recompressed_00020000.xz	xz	20000	599238	605228	20000
recompressed_00030000.bz2	bz2	30000	708054	26325180	30000
recompressed_00030000.gz	gz	30000	708054	7593509	30000
recompressed_00030000.repair	repair	30000	708054	1445376	30000
recompressed_00030000.xz	xz	30000	708054	855672	30000
recompressed_00040000.bz2	bz2	40000	792344	35052520	40000
recompressed_00040000.gz	gz	40000	792344	10070132	40000
recompressed_00040000.repair	repair	40000	792344	1795072	40000
recompressed_00040000.xz	xz	40000	792344	1092552	40000
recompressed_00050000.bz2	bz2	50000	859701	43773522	50000
recompressed_00050000.gz	gz	50000	859701	12530737	50000
recompressed_00050000.repair	repair	50000	859701	2115584	50000
recompressed_00050000.xz	xz	50000	859701	1318540	50000
recompressed_00060000.bz2	bz2	60000	918345	52482670	60000
recompressed_00060000.gz	gz	60000	918345	14984208	60000
recompressed_00060000.repair	repair	60000	918345	2413056	60000
recompressed_00060000.xz	xz	60000	918345	1538852	60000
recompressed_00070000.bz2	bz2	70000	967454	61180989	70000
recompressed_00070000.gz	gz	70000	967454	17432913	70000
recompressed_00070000.repair	repair	70000	967454	2699776	70000
recompressed_00070000.xz	xz	70000	967454	1753780	70000
recompressed_00080000.bz2	bz2	80000	1014097	69895673	80000
recompressed_00080000.gz	gz	80000	1014097	19871076	80000
recompressed_00080000.xz	xz	80000	1014097	1963744	80000
recompressed_00090000.bz2	bz2	90000	1053362	78583968	90000
recompressed_00090000.gz	gz	90000	1053362	22304553	90000
recompressed_00090000.xz	xz	90000	1053362	2168304	90000
recompressed_00100000.bz2	bz2	100000	1092497	87280588	100000
recompressed_00100000.gz	gz	100000	1092497	24733079	100000
recompressed_00100000.xz	xz	100000	1092497	2367988	100000
recompressed_00110000.bz2	bz2	110000	1127288	95962902	110000
recompressed_00110000.gz	gz	110000	1127288	27150615	110000
recompressed_00110000.xz	xz	110000	1127288	2564340	110000
recompressed_00120000.bz2	bz2	120000	1159013	104650074	120000
recompressed_00120000.gz	gz	120000	1159013	29576087	120000
recompressed_00120000.xz	xz	120000	1159013	2763192	120000
recompressed_00130000.bz2	bz2	130000	1188163	113340087	130000
recompressed_00130000.gz	gz	130000	1188163	31993345	130000
recompressed_00130000.xz	xz	130000	1188163	2955112	130000
recompressed_00140000.bz2	bz2	140000	1215561	122014958	140000
recompressed_00140000.gz	gz	140000	1215561	34409149	140000
recompressed_00140000.xz	xz	140000	1215561	3144348	140000
recompressed_00150000.bz2	bz2	150000	1242242	130699821	150000
recompressed_00150000.gz	gz	150000	1242242	36813880	150000
recompressed_00150000.xz	xz	150000	1242242	3333204	150000
recompressed_00160000.bz2	bz2	160000	1267359	139372568	160000
recompressed_00160000.gz	gz	160000	1267359	39220586	160000
recompressed_00160000.xz	xz	160000	1267359	3519872	160000
recompressed_00170000.bz2	bz2	170000	1290922	148052360	170000
recompressed_00170000.gz	gz	170000	1290922	41625135	170000
recompressed_00170000.xz	xz	170000	1290922	3707304	170000
recompressed_00180000.bz2	bz2	180000	1313171	156719497	180000
recompressed_00180000.gz	gz	180000	1313171	44022520	180000
recompressed_00180000.xz	xz	180000	1313171	3890688	180000
recompressed_00190000.bz2	bz2	190000	1333000	165382853	190000
recompressed_00190000.gz	gz	190000	1333000	46421508	190000
recompressed_00190000.xz	xz	190000	1333000	4070896	190000
recompressed_00200000.bz2	bz2	200000	1352453	174062641	200000
recompressed_00200000.gz	gz	200000	1352453	48812640	200000
recompressed_00200000.xz	xz	200000	1352453	4251360	200000
recompressed_00210000.bz2	bz2	210000	1372876	182721180	210000
recompressed_00210000.gz	gz	210000	1372876	51203224	210000
recompressed_00210000.xz	xz	210000	1372876	4429932	210000
recompressed_00220000.bz2	bz2	220000	1392488	191392770	220000
recompressed_00220000.gz	gz	220000	1392488	53593901	220000
recompressed_00220000.xz	xz	220000	1392488	4605460	220000
recompressed_00230000.bz2	bz2	230000	1410383	200052653	230000
recompressed_00230000.gz	gz	230000	1410383	55979798	230000
recompressed_00230000.xz	xz	230000	1410383	4781128	230000
recompressed_00240000.bz2	bz2	240000	1428689	208709879	240000
recompressed_00240000.gz	gz	240000	1428689	58365782	240000
recompressed_00240000.xz	xz	240000	1428689	4955876	240000
recompressed_00250000.bz2	bz2	250000	1445234	217379083	250000
recompressed_00250000.gz	gz	250000	1445234	60751591	250000
recompressed_00250000.xz	xz	250000	1445234	5130016	250000
recompressed_00260000.bz2	bz2	260000	1461378	226035647	260000
recompressed_00260000.gz	gz	260000	1461378	63133429	260000
recompressed_00260000.xz	xz	260000	1461378	5301916	260000
recompressed_00270000.bz2	bz2	270000	1477281	234700063	270000
recompressed_00270000.gz	gz	270000	1477281	65517166	270000
recompressed_00270000.xz	xz	270000	1477281	5472892	270000
recompressed_00280000.bz2	bz2	280000	1493068	243351293	280000
recompressed_00280000.gz	gz	280000	1493068	67892567	280000
recompressed_00280000.xz	xz	280000	1493068	5644528	280000
recompressed_00290000.bz2	bz2	290000	1507343	252015249	290000
recompressed_00290000.gz	gz	290000	1507343	70269420	290000
recompressed_00290000.xz	xz	290000	1507343	5813800	290000
recompressed_00300000.bz2	bz2	300000	1521095	260661527	300000
recompressed_00300000.gz	gz	300000	1521095	72642431	300000
recompressed_00300000.xz	xz	300000	1521095	5979588	300000
recompressed_00310000.bz2	bz2	310000	1534764	269304737	310000
recompressed_00310000.gz	gz	310000	1534764	75012287	310000
recompressed_00310000.xz	xz	310000	1534764	6145180	310000
recompressed_00320000.bz2	bz2	320000	1547475	277977414	320000
recompressed_00320000.gz	gz	320000	1547475	77392791	320000
recompressed_00320000.xz	xz	320000	1547475	6314380	320000
recompressed_00330000.bz2	bz2	330000	1563149	286623629	330000
recompressed_00330000.gz	gz	330000	1563149	79771439	330000
recompressed_00330000.xz	xz	330000	1563149	6483080	330000
recompressed_00340000.bz2	bz2	340000	1578289	295281090	340000
recompressed_00340000.gz	gz	340000	1578289	82143323	340000
recompressed_00340000.xz	xz	340000	1578289	6651596	340000
recompressed_00350000.bz2	bz2	350000	1591396	303933468	350000
recompressed_00350000.gz	gz	350000	1591396	84513625	350000
recompressed_00350000.xz	xz	350000	1591396	6817224	350000
recompressed_00360000.bz2	bz2	360000	1604462	312583888	360000
recompressed_00360000.gz	gz	360000	1604462	86882185	360000
recompressed_00360000.xz	xz	360000	1604462	6981140	360000
recompressed_00370000.bz2	bz2	370000	1617583	321230114	370000
recompressed_00370000.gz	gz	370000	1617583	89253040	370000
recompressed_00370000.xz	xz	370000	1617583	7148016	370000
recompressed_00380000.bz2	bz2	380000	1629560	329880562	380000
recompressed_00380000.gz	gz	380000	1629560	91629981	380000
recompressed_00380000.xz	xz	380000	1629560	7315512	380000
recompressed_00390000.bz2	bz2	390000	1640527	338542961	390000
recompressed_00390000.gz	gz	390000	1640527	94001188	390000
recompressed_00390000.xz	xz	390000	1640527	7480024	390000
recompressed_00400000.bz2	bz2	400000	1652502	347181684	400000
recompressed_00400000.gz	gz	400000	1652502	96374639	400000
recompressed_00400000.xz	xz	400000	1652502	7644036	400000
recompressed_00410000.bz2	bz2	410000	1663476	355844787	410000
recompressed_00410000.gz	gz	410000	1663476	98743649	410000
recompressed_00410000.xz	xz	410000	1663476	7807436	410000
recompressed_00420000.bz2	bz2	420000	1675367	364488581	420000
recompressed_00420000.gz	gz	420000	1675367	101111166	420000
recompressed_00420000.xz	xz	420000	1675367	7970900	420000
recompressed_00430000.bz2	bz2	430000	1686842	373125809	430000
recompressed_00430000.gz	gz	430000	1686842	103476691	430000
recompressed_00430000.xz	xz	430000	1686842	8134008	430000
recompressed_00440000.bz2	bz2	440000	1697955	381782152	440000
recompressed_00440000.gz	gz	440000	1697955	105842028	440000
recompressed_00440000.xz	xz	440000	1697955	8297840	440000
recompressed_00450000.bz2	bz2	450000	1708223	390423013	450000
recompressed_00450000.gz	gz	450000	1708223	108203461	450000
recompressed_00450000.xz	xz	450000	1708223	8455448	450000
recompressed_00460000.bz2	bz2	460000	1718373	399067435	460000
recompressed_00460000.gz	gz	460000	1718373	110563607	460000
recompressed_00460000.xz	xz	460000	1718373	8614996	460000
recompressed_00470000.bz2	bz2	470000	1728442	407712742	470000
recompressed_00470000.gz	gz	470000	1728442	112924162	470000
recompressed_00470000.xz	xz	470000	1728442	8775404	470000
recompressed_00480000.bz2	bz2	480000	1739104	416348799	480000
recompressed_00480000.gz	gz	480000	1739104	115289506	480000
recompressed_00480000.xz	xz	480000	1739104	8937252	480000
recompressed_00490000.bz2	bz2	490000	1750286	424999822	490000
recompressed_00490000.gz	gz	490000	1750286	117647126	490000
recompressed_00490000.xz	xz	490000	1750286	9097600	490000
recompressed_00500000.bz2	bz2	500000	1759613	433641439	500000
recompressed_00500000.gz	gz	500000	1759613	120009658	500000
recompressed_00500000.xz	xz	500000	1759613	9258368	500000
recompressed_00510000.bz2	bz2	510000	1769983	442289147	510000
recompressed_00510000.gz	gz	510000	1769983	122370338	510000
recompressed_00510000.xz	xz	510000	1769983	9416800	510000
recompressed_00520000.bz2	bz2	520000	1779943	450928963	520000
recompressed_00520000.gz	gz	520000	1779943	124729880	520000
recompressed_00520000.xz	xz	520000	1779943	9576276	520000
recompressed_00530000.bz2	bz2	530000	1790188	459571827	530000
recompressed_00530000.gz	gz	530000	1790188	127096960	530000
recompressed_00530000.xz	xz	530000	1790188	9735764	530000
recompressed_00540000.bz2	bz2	540000	1800675	468222581	540000
recompressed_00540000.gz	gz	540000	1800675	129462580	540000
recompressed_00540000.xz	xz	540000	1800675	9895540	540000
recompressed_00550000.bz2	bz2	550000	1811275	476844300	550000
recompressed_00550000.gz	gz	550000	1811275	131819363	550000
recompressed_00550000.xz	xz	550000	1811275	10053100	550000
recompressed_00560000.bz2	bz2	560000	1820434	485493625	560000
recompressed_00560000.gz	gz	560000	1820434	134172440	560000
recompressed_00560000.xz	xz	560000	1820434	10206904	560000
recompressed_00570000.bz2	bz2	570000	1830550	494129678	570000
recompressed_00570000.gz	gz	570000	1830550	136528939	570000
recompressed_00570000.xz	xz	570000	1830550	10362576	570000
recompressed_00580000.bz2	bz2	580000	1839979	502775519	580000
recompressed_00580000.gz	gz	580000	1839979	138881500	580000
recompressed_00580000.xz	xz	580000	1839979	10517624	580000
recompressed_00590000.bz2	bz2	590000	1848544	511406655	590000
recompressed_00590000.gz	gz	590000	1848544	141232837	590000
recompressed_00590000.xz	xz	590000	1848544	10670740	590000
