dataset	n_genomes	method	kmers	bytes	bytes_per_genome
sc2	1	bz2	29553	8068	8068
sc2	1	gz	29553	8884	8884
sc2	1	repair	29553	28160	28160
sc2	1	xz	29553	8324	8324
sc2	2	bz2	30625	12274	6137
sc2	2	gz	30625	9417	4708.5
sc2	2	repair	30625	13824	6912
sc2	2	xz	30625	8540	4270
sc2	3	bz2	30887	14444	4814.666666666667
sc2	3	gz	30887	9861	3287
sc2	3	repair	30887	13824	4608
sc2	3	xz	30887	8596	2865.3333333333335
sc2	4	bz2	31011	15186	3796.5
sc2	4	gz	31011	10216	2554
sc2	4	repair	31011	13824	3456
sc2	4	xz	31011	8640	2160
sc2	5	bz2	31807	19707	3941.4
sc2	5	gz	31807	10627	2125.4
sc2	5	repair	31807	14336	2867.2
sc2	5	xz	31807	8764	1752.8
sc2	6	bz2	32337	19831	3305.1666666666665
sc2	6	gz	32337	10987	1831.1666666666667
sc2	6	repair	32337	14336	2389.3333333333335
sc2	6	xz	32337	8820	1470
sc2	7	bz2	32647	17665	2523.5714285714284
sc2	7	gz	32647	11359	1622.7142857142858
sc2	7	repair	32647	14336	2048
sc2	7	xz	32647	8880	1268.5714285714287
sc2	8	bz2	32893	18658	2332.25
sc2	8	gz	32893	11718	1464.75
sc2	8	repair	32893	14848	1856
sc2	8	xz	32893	8952	1119
sc2	9	bz2	33017	22659	2517.6666666666665
sc2	9	gz	33017	11999	1333.2222222222222
sc2	9	repair	33017	14848	1649.7777777777778
sc2	9	xz	33017	8980	997.7777777777778
sc2	10	bz2	33110	22650	2265
sc2	10	gz	33110	12379	1237.9
sc2	10	repair	33110	14848	1484.8
sc2	10	xz	33110	9016	901.6
sc2	11	bz2	33683	23781	2161.909090909091
sc2	11	gz	33683	12765	1160.4545454545455
sc2	11	repair	33683	15360	1396.3636363636363
sc2	11	xz	33683	9112	828.3636363636364
sc2	12	bz2	33776	23028	1919
sc2	12	gz	33776	13053	1087.75
sc2	12	repair	33776	15360	1280
sc2	12	xz	33776	9148	762.3333333333334
sc2	13	bz2	33962	23669	1820.6923076923076
sc2	13	gz	33962	13335	1025.7692307692307
sc2	13	repair	33962	15872	1220.923076923077
sc2	13	xz	33962	9196	707.3846153846154
sc2	14	bz2	34497	23615	1686.7857142857142
sc2	14	gz	34497	13679	977.0714285714286
sc2	14	repair	34497	16384	1170.2857142857142
sc2	14	xz	34497	9264	661.7142857142857
sc2	15	bz2	34718	21069	1404.6
sc2	15	gz	34718	13956	930.4
sc2	15	repair	34718	16896	1126.4
sc2	15	xz	34718	9300	620
sc2	16	bz2	34997	22764	1422.75
sc2	16	gz	34997	14263	891.4375
sc2	16	repair	34997	16896	1056
sc2	16	xz	34997	9332	583.25
sc2	17	bz2	35431	25755	1515
sc2	17	gz	35431	14591	858.2941176470588
sc2	17	repair	35431	17408	1024
sc2	17	xz	35431	9396	552.7058823529412
sc2	18	bz2	35555	25995	1444.1666666666667
sc2	18	gz	35555	14885	826.9444444444445
sc2	18	repair	35555	17408	967.1111111111111
sc2	18	xz	35555	9436	524.2222222222222
sc2	19	bz2	35586	28239	1486.2631578947369
sc2	19	gz	35586	15139	796.7894736842105
sc2	19	repair	35586	17408	916.2105263157895
sc2	19	xz	35586	9448	497.2631578947368
sc2	20	bz2	35834	26273	1313.65
sc2	20	gz	35834	15415	770.75
sc2	20	repair	35834	17920	896
sc2	20	xz	35834	9488	474.4
sc2	21	bz2	35834	28325	1348.8095238095239
sc2	21	gz	35834	15647	745.0952380952381
sc2	21	repair	35834	17920	853.3333333333334
sc2	21	xz	35834	9496	452.1904761904762
sc2	22	bz2	35896	28476	1294.3636363636363
sc2	22	gz	35896	15886	722.0909090909091
sc2	22	repair	35896	17920	814.5454545454545
sc2	22	xz	35896	9512	432.3636363636364
sc2	23	bz2	35958	27089	1177.7826086956522
sc2	23	gz	35958	16138	701.6521739130435
sc2	23	repair	35958	17920	779.1304347826087
sc2	23	xz	35958	9540	414.7826086956522
sc2	24	bz2	35958	26426	1101.0833333333333
sc2	24	gz	35958	16407	683.625
sc2	24	repair	35958	17920	746.6666666666666
sc2	24	xz	35958	9560	398.3333333333333
sc2	25	bz2	36578	28677	1147.08
sc2	25	gz	36578	16783	671.32
sc2	25	repair	36578	18432	737.28
sc2	25	xz	36578	9644	385.76
sc2	26	bz2	36800	28899	1111.5
sc2	26	gz	36800	17059	656.1153846153846
sc2	26	repair	36800	18432	708.9230769230769
sc2	26	xz	36800	9660	371.53846153846155
sc2	27	bz2	36986	27299	1011.074074074074
sc2	27	gz	36986	17347	642.4814814814815
sc2	27	repair	36986	18944	701.6296296296297
sc2	27	xz	36986	9708	359.55555555555554
sc2	28	bz2	37234	28939	1033.5357142857142
sc2	28	gz	37234	17701	632.1785714285714
sc2	28	repair	37234	18944	676.5714285714286
sc2	28	xz	37234	9760	348.57142857142856
sc2	29	bz2	37605	27156	936.4137931034483
sc2	29	gz	37605	18033	621.8275862068965
sc2	29	repair	37605	19456	670.8965517241379
sc2	29	xz	37605	9832	339.0344827586207
sc2	30	bz2	37752	27901	930.0333333333333
sc2	30	gz	37752	18349	611.6333333333333
sc2	30	repair	37752	19456	648.5333333333333
sc2	30	xz	37752	9904	330.1333333333333
sc2	31	bz2	38341	35880	1157.4193548387098
sc2	31	gz	38341	18698	603.1612903225806
sc2	31	repair	38341	19968	644.1290322580645
sc2	31	xz	38341	9956	321.16129032258067
sc2	32	bz2	38589	40225	1257.03125
sc2	32	gz	38589	19006	593.9375
sc2	32	repair	38589	19968	624
sc2	32	xz	38589	10016	313
sc2	33	bz2	39065	42196	1278.6666666666667
sc2	33	gz	39065	19343	586.1515151515151
sc2	33	repair	39065	20480	620.6060606060606
sc2	33	xz	39065	10088	305.6969696969697
sc2	34	bz2	39189	43112	1268
sc2	34	gz	39189	19598	576.4117647058823
sc2	34	repair	39189	20480	602.3529411764706
sc2	34	xz	39189	10104	297.1764705882353
sc2	35	bz2	39437	46811	1337.4571428571428
sc2	35	gz	39437	19904	568.6857142857143
sc2	35	repair	39437	20992	599.7714285714286
sc2	35	xz	39437	10168	290.51428571428573
sc2	36	bz2	39592	47017	1306.0277777777778
sc2	36	gz	39592	20167	560.1944444444445
sc2	36	repair	39592	21504	597.3333333333334
sc2	36	xz	39592	10228	284.1111111111111
sc2	37	bz2	39747	45630	1233.2432432432433
sc2	37	gz	39747	20424	552
sc2	37	repair	39747	21504	581.1891891891892
sc2	37	xz	39747	10248	276.97297297297297
sc2	38	bz2	40491	46247	1217.0263157894738
sc2	38	gz	40491	20855	548.8157894736842
sc2	38	repair	40491	22016	579.3684210526316
sc2	38	xz	40491	10360	272.63157894736844
sc2	39	bz2	40615	49851	1278.2307692307693
sc2	39	gz	40615	21124	541.6410256410256
sc2	39	repair	40615	22016	564.5128205128206
sc2	39	xz	40615	10404	266.7692307692308
sc2	40	bz2	40960	50190	1254.75
sc2	40	gz	40960	21541	538.525
sc2	40	repair	40960	22528	563.2
sc2	40	xz	40960	10480	262
sc2	41	bz2	40960	50850	1240.2439024390244
sc2	41	gz	40960	21773	531.0487804878048
sc2	41	repair	40960	22528	549.4634146341464
sc2	41	xz	40960	10480	255.609756097561
sc2	42	bz2	41136	50016	1190.857142857143
sc2	42	gz	41136	22081	525.7380952380952
sc2	42	repair	41136	22528	536.3809523809524
sc2	42	xz	41136	10556	251.33333333333334
sc2	43	bz2	41322	50674	1178.4651162790697
sc2	43	gz	41322	22458	522.2790697674419
sc2	43	repair	41322	23040	535.8139534883721
sc2	43	xz	41322	10628	247.1627906976744
sc2	44	bz2	41507	50498	1147.6818181818182
sc2	44	gz	41507	22743	516.8863636363636
sc2	44	repair	41507	23040	523.6363636363636
sc2	44	xz	41507	10672	242.54545454545453
sc2	45	bz2	41662	49251	1094.4666666666667
sc2	45	gz	41662	23008	511.2888888888889
sc2	45	repair	41662	23040	512
sc2	45	xz	41662	10712	238.04444444444445
sc2	46	bz2	41787	49801	1082.6304347826087
sc2	46	gz	41787	23292	506.3478260869565
sc2	46	repair	41787	23552	512
sc2	46	xz	41787	10760	233.91304347826087
sc2	47	bz2	42066	52855	1124.5744680851064
sc2	47	gz	42066	23714	504.5531914893617
sc2	47	repair	42066	23552	501.1063829787234
sc2	47	xz	42066	10824	230.29787234042553
sc2	48	bz2	42558	53341	1111.2708333333333
sc2	48	gz	42558	24044	500.9166666666667
sc2	48	repair	42558	24064	501.3333333333333
sc2	48	xz	42558	10892	226.91666666666666
sc2	49	bz2	42899	55311	1128.795918367347
sc2	49	gz	42899	24330	496.53061224489795
sc2	49	repair	42899	24576	501.55102040816325
sc2	49	xz	42899	10952	223.51020408163265
sc2	50	bz2	43473	53690	1073.8
sc2	50	gz	43473	24800	496
sc2	50	repair	43473	24576	491.52
sc2	50	xz	43473	11076	221.52
sc2	51	bz2	43628	55668	1091.5294117647059
sc2	51	gz	43628	25133	492.80392156862746
sc2	51	repair	43628	25088	491.921568627451
sc2	51	xz	43628	11148	218.58823529411765
sc2	52	bz2	43784	55854	1074.1153846153845
sc2	52	gz	43784	25406	488.5769230769231
sc2	52	repair	43784	25088	482.46153846153845
sc2	52	xz	43784	11192	215.23076923076923
sc2	53	bz2	43877	54610	1030.377358490566
sc2	53	gz	43877	25651	483.9811320754717
sc2	53	repair	43877	25088	473.35849056603774
sc2	53	xz	43877	11232	211.9245283018868
sc2	54	bz2	43908	53915	998.425925925926
sc2	54	gz	43908	25902	479.6666666666667
sc2	54	repair	43908	25088	464.5925925925926
sc2	54	xz	43908	11244	208.22222222222223
sc2	55	bz2	44063	55992	1018.0363636363636
sc2	55	gz	44063	26148	475.41818181818184
sc2	55	repair	44063	25600	465.45454545454544
sc2	55	xz	44063	11280	205.0909090909091
sc2	56	bz2	44823	56198	1003.5357142857143
sc2	56	gz	44823	26643	475.76785714285717
sc2	56	repair	44823	26624	475.42857142857144
sc2	56	xz	44823	11392	203.42857142857142
sc2	57	bz2	45631	54749	960.5087719298245
sc2	57	gz	45631	27068	474.87719298245617
sc2	57	repair	45631	27136	476.0701754385965
sc2	57	xz	45631	11452	200.91228070175438
sc2	58	bz2	45880	56334	971.2758620689655
sc2	58	gz	45880	27333	471.2586206896552
sc2	58	repair	45880	27136	467.86206896551727
sc2	58	xz	45880	11492	198.13793103448276
sc2	59	bz2	46559	54544	924.4745762711865
sc2	59	gz	46559	27754	470.40677966101697
sc2	59	repair	46559	27648	468.6101694915254
sc2	59	xz	46559	11592	196.47457627118644
sc2	60	bz2	46683	55914	931.9
sc2	60	gz	46683	28016	466.93333333333334
sc2	60	repair	46683	27648	460.8
sc2	60	xz	46683	11632	193.86666666666667
sc2	61	bz2	46714	63732	1044.7868852459017
sc2	61	gz	46714	28239	462.9344262295082
sc2	61	repair	46714	28160	461.6393442622951
sc2	61	xz	46714	11644	190.88524590163934
sc2	62	bz2	47055	68150	1099.1935483870968
sc2	62	gz	47055	28676	462.51612903225805
sc2	62	repair	47055	28160	454.19354838709677
sc2	62	xz	47055	11724	189.09677419354838
sc2	63	bz2	47334	70011	1111.2857142857142
sc2	63	gz	47334	28942	459.3968253968254
sc2	63	repair	47334	28160	446.984126984127
sc2	63	xz	47334	11764	186.73015873015873
sc2	64	bz2	47892	71009	1109.515625
sc2	64	gz	47892	29289	457.640625
sc2	64	repair	47892	28672	448
sc2	64	xz	47892	11856	185.25
sc2	65	bz2	48169	74168	1141.0461538461539
sc2	65	gz	48169	29571	454.9384615384615
sc2	65	repair	48169	28672	441.10769230769233
sc2	65	xz	48169	11924	183.44615384615383
sc2	66	bz2	48293	74297	1125.7121212121212
sc2	66	gz	48293	29822	451.8484848484849
sc2	66	repair	48293	29184	442.1818181818182
sc2	66	xz	48293	11968	181.33333333333334
sc2	67	bz2	48386	73787	1101.2985074626865
sc2	67	gz	48386	30069	448.7910447761194
sc2	67	repair	48386	29696	443.2238805970149
sc2	67	xz	48386	12020	179.40298507462686
sc2	68	bz2	48572	74054	1089.0294117647059
sc2	68	gz	48572	30357	446.4264705882353
sc2	68	repair	48572	29696	436.70588235294116
sc2	68	xz	48572	12084	177.7058823529412
sc2	69	bz2	48758	77306	1120.376811594203
sc2	69	gz	48758	30613	443.6666666666667
sc2	69	repair	48758	29696	430.3768115942029
sc2	69	xz	48758	12116	175.59420289855072
sc2	70	bz2	48820	77790	1111.2857142857142
sc2	70	gz	48820	30925	441.7857142857143
sc2	70	repair	48820	30208	431.54285714285714
sc2	70	xz	48820	12148	173.54285714285714
sc2	71	bz2	48851	78349	1103.5070422535211
sc2	71	gz	48851	31195	439.36619718309856
sc2	71	repair	48851	30208	425.46478873239437
sc2	71	xz	48851	12184	171.6056338028169
sc2	72	bz2	48944	77549	1077.0694444444443
sc2	72	gz	48944	31429	436.5138888888889
sc2	72	repair	48944	30208	419.55555555555554
sc2	72	xz	48944	12208	169.55555555555554
sc2	73	bz2	49068	77990	1068.3561643835617
sc2	73	gz	49068	31813	435.7945205479452
sc2	73	repair	49068	30208	413.8082191780822
sc2	73	xz	49068	12264	168
sc2	74	bz2	49659	77769	1050.9324324324325
sc2	74	gz	49659	32197	435.0945945945946
sc2	74	repair	49659	30720	415.13513513513516
sc2	74	xz	49659	12360	167.02702702702703
sc2	75	bz2	49783	77304	1030.72
sc2	75	gz	49783	32616	434.88
sc2	75	repair	49783	31232	416.4266666666667
sc2	75	xz	49783	12444	165.92
sc2	76	bz2	50120	77806	1023.7631578947369
sc2	76	gz	50120	32893	432.80263157894734
sc2	76	repair	50120	31232	410.94736842105266
sc2	76	xz	50120	12496	164.42105263157896
sc2	77	bz2	50213	80410	1044.2857142857142
sc2	77	gz	50213	33147	430.4805194805195
sc2	77	repair	50213	31232	405.61038961038963
sc2	77	xz	50213	12508	162.44155844155844
sc2	78	bz2	50275	80929	1037.551282051282
sc2	78	gz	50275	33392	428.1025641025641
sc2	78	repair	50275	31744	406.97435897435895
sc2	78	xz	50275	12544	160.82051282051282
sc2	79	bz2	50335	82663	1046.367088607595
sc2	79	gz	50335	33630	425.69620253164555
sc2	79	repair	50335	31744	401.82278481012656
sc2	79	xz	50335	12584	159.29113924050634
sc2	80	bz2	50583	81158	1014.475
sc2	80	gz	50583	33990	424.875
sc2	80	repair	50583	32256	403.2
sc2	80	xz	50583	12624	157.8
sc2	81	bz2	50862	83076	1025.6296296296296
sc2	81	gz	50862	34415	424.87654320987656
sc2	81	repair	50862	32768	404.5432098765432
sc2	81	xz	50862	12720	157.03703703703704
sc2	82	bz2	51307	83337	1016.3048780487804
sc2	82	gz	51307	34843	424.9146341463415
sc2	82	repair	51307	33280	405.8536585365854
sc2	82	xz	51307	12816	156.29268292682926
sc2	83	bz2	51369	82224	990.6506024096385
sc2	83	gz	51369	35071	422.5421686746988
sc2	83	repair	51369	33280	400.96385542168673
sc2	83	xz	51369	12840	154.6987951807229
sc2	84	bz2	51608	81616	971.6190476190476
sc2	84	gz	51608	35329	420.5833333333333
sc2	84	repair	51608	33280	396.1904761904762
sc2	84	xz	51608	12884	153.38095238095238
sc2	85	bz2	51701	83510	982.4705882352941
sc2	85	gz	51701	35587	418.67058823529413
sc2	85	repair	51701	33280	391.52941176470586
sc2	85	xz	51701	12916	151.95294117647057
sc2	86	bz2	51856	83571	971.7558139534884
sc2	86	gz	51856	35837	416.7093023255814
sc2	86	repair	51856	33280	386.9767441860465
sc2	86	xz	51856	12952	150.6046511627907
sc2	87	bz2	52104	82162	944.3908045977012
sc2	87	gz	52104	36121	415.18390804597703
sc2	87	repair	52104	33792	388.41379310344826
sc2	87	xz	52104	13020	149.6551724137931
sc2	88	bz2	52166	83548	949.4090909090909
sc2	88	gz	52166	36352	413.09090909090907
sc2	88	repair	52166	33792	384
sc2	88	xz	52166	13048	148.27272727272728
sc2	89	bz2	52321	81754	918.5842696629213
sc2	89	gz	52321	36596	411.19101123595505
sc2	89	repair	52321	33792	379.685393258427
sc2	89	xz	52321	13076	146.92134831460675
sc2	90	bz2	52759	83580	928.6666666666666
sc2	90	gz	52759	36920	410.22222222222223
sc2	90	repair	52759	34304	381.15555555555557
sc2	90	xz	52759	13148	146.0888888888889
sc2	91	bz2	52821	91270	1002.967032967033
sc2	91	gz	52821	37251	409.35164835164835
sc2	91	repair	52821	34304	376.967032967033
sc2	91	xz	52821	13184	144.87912087912088
sc2	92	bz2	53069	95708	1040.304347826087
sc2	92	gz	53069	37514	407.7608695652174
sc2	92	repair	53069	34304	372.8695652173913
sc2	92	xz	53069	13196	143.43478260869566
sc2	93	bz2	53193	97551	1048.9354838709678
sc2	93	gz	53193	37763	406.0537634408602
sc2	93	repair	53193	34816	374.36559139784947
sc2	93	xz	53193	13224	142.19354838709677
sc2	94	bz2	53720	98592	1048.8510638297873
sc2	94	gz	53720	38087	405.1808510638298
sc2	94	repair	53720	34816	370.3829787234043
sc2	94	xz	53720	13284	141.31914893617022
sc2	95	bz2	53875	101463	1068.0315789473684
sc2	95	gz	53875	38358	403.7684210526316
sc2	95	repair	53875	35328	371.87368421052633
sc2	95	xz	53875	13340	140.42105263157896
sc2	96	bz2	54321	101568	1058
sc2	96	gz	54321	38718	403.3125
sc2	96	repair	54321	35840	373.3333333333333
sc2	96	xz	54321	13416	139.75
sc2	97	bz2	54414	101290	1044.2268041237114
sc2	97	gz	54414	39058	402.659793814433
sc2	97	repair	54414	35840	369.4845360824742
sc2	97	xz	54414	13464	138.8041237113402
sc2	98	bz2	54908	101520	1035.9183673469388
sc2	98	gz	54908	39386	401.8979591836735
sc2	98	repair	54908	36352	370.9387755102041
sc2	98	xz	54908	13540	138.16326530612244
sc2	99	bz2	54939	104241	1052.939393939394
sc2	99	gz	54939	39620	400.2020202020202
sc2	99	repair	54939	36352	367.19191919191917
sc2	99	xz	54939	13568	137.05050505050505
sc2	100	bz2	54970	104970	1049.7
sc2	100	gz	54970	39847	398.47
sc2	100	repair	54970	36864	368.64
sc2	100	xz	54970	13592	135.92
sc2	150	bz2	62203	138886	925.9066666666666
sc2	150	gz	62203	53347	355.64666666666665
sc2	150	repair	62203	44032	293.5466666666667
sc2	150	xz	62203	15612	104.08
sc2	200	bz2	70194	189446	947.23
sc2	200	gz	70194	67053	335.265
sc2	200	repair	70194	52224	261.12
sc2	200	xz	70194	17644	88.22
sc2	250	bz2	76843	239379	957.516
sc2	250	gz	76843	80429	321.716
sc2	250	repair	76843	59392	237.568
sc2	250	xz	76843	19628	78.512
sc2	300	bz2	83521	276750	922.5
sc2	300	gz	83521	94398	314.66
sc2	300	repair	83521	66560	221.86666666666667
sc2	300	xz	83521	21680	72.26666666666667
sc2	350	bz2	89321	323846	925.2742857142857
sc2	350	gz	89321	107917	308.3342857142857
sc2	350	repair	89321	73216	209.18857142857144
sc2	350	xz	89321	23684	67.66857142857143
sc2	400	bz2	95031	372940	932.35
sc2	400	gz	95031	121957	304.8925
sc2	400	repair	95031	80384	200.96
sc2	400	xz	95031	25776	64.44
sc2	450	bz2	101103	413186	918.1911111111111
sc2	450	gz	101103	135963	302.14
sc2	450	repair	101103	87552	194.56
sc2	450	xz	101103	27948	62.10666666666667
sc2	500	bz2	106466	458021	916.042
sc2	500	gz	106466	149181	298.362
sc2	500	repair	106466	92672	185.344
sc2	500	xz	106466	29892	59.784
sc2	550	bz2	111180	506449	920.8163636363637
sc2	550	gz	111180	162613	295.66
sc2	550	repair	111180	97792	177.80363636363637
sc2	550	xz	111180	31764	57.75272727272727
sc2	600	bz2	115371	548042	913.4033333333333
sc2	600	gz	115371	175968	293.28
sc2	600	repair	115371	102400	170.66666666666666
sc2	600	xz	115371	33808	56.346666666666664
sc2	650	bz2	119005	589976	907.6553846153846
sc2	650	gz	119005	188779	290.42923076923074
sc2	650	repair	119005	107008	164.6276923076923
sc2	650	xz	119005	35428	54.504615384615384
sc2	700	bz2	123710	638149	911.6414285714286
sc2	700	gz	123710	202311	289.0157142857143
sc2	700	repair	123710	112128	160.18285714285713
sc2	700	xz	123710	37384	53.40571428571429
sc2	750	bz2	128106	682989	910.652
sc2	750	gz	128106	215945	287.9266666666667
sc2	750	repair	128106	117248	156.33066666666667
sc2	750	xz	128106	39496	52.66133333333333
sc2	800	bz2	131861	722596	903.245
sc2	800	gz	131861	229238	286.5475
sc2	800	repair	131861	122368	152.96
sc2	800	xz	131861	41284	51.605
sc2	850	bz2	136462	771883	908.0976470588236
sc2	850	gz	136462	242606	285.4188235294118
sc2	850	repair	136462	126976	149.3835294117647
sc2	850	xz	136462	43188	50.809411764705885
sc2	900	bz2	140446	815936	906.5955555555555
sc2	900	gz	140446	255391	283.7677777777778
sc2	900	repair	140446	131584	146.20444444444445
sc2	900	xz	140446	45044	50.04888888888889
sc2	950	bz2	143998	854243	899.2031578947368
sc2	950	gz	143998	268334	282.45684210526315
sc2	950	repair	143998	135680	142.82105263157894
sc2	950	xz	143998	46744	49.20421052631579
sc2	1000	bz2	147590	903895	903.895
sc2	1000	gz	147590	282043	282.043
sc2	1000	repair	147590	140288	140.288
sc2	1000	xz	147590	48704	48.704
sc2	1050	bz2	151515	949965	904.7285714285714
sc2	1050	gz	151515	295045	280.9952380952381
sc2	1050	repair	151515	144896	137.99619047619046
sc2	1050	xz	151515	50616	48.205714285714286
sc2	1100	bz2	154725	988052	898.2290909090909
sc2	1100	gz	154725	308305	280.2772727272727
sc2	1100	repair	154725	148992	135.44727272727272
sc2	1100	xz	154725	52312	47.556363636363635
sc2	1150	bz2	157229	1035670	900.5826086956522
sc2	1150	gz	157229	321037	279.1626086956522
sc2	1150	repair	157229	152576	132.67478260869566
sc2	1150	xz	157229	54060	47.00869565217391
sc2	1200	bz2	160508	1082340	901.95
sc2	1200	gz	160508	333798	278.165
sc2	1200	repair	160508	156160	130.13333333333333
sc2	1200	xz	160508	55928	46.60666666666667
sc2	1250	bz2	163964	1117929	894.3432
sc2	1250	gz	163964	346962	277.5696
sc2	1250	repair	163964	160768	128.6144
sc2	1250	xz	163964	57804	46.2432
sc2	1300	bz2	166978	1167810	898.3153846153846
sc2	1300	gz	166978	360037	276.95153846153846
sc2	1300	repair	166978	164864	126.81846153846153
sc2	1300	xz	166978	59620	45.86153846153846
sc2	1350	bz2	169330	1215466	900.3451851851852
sc2	1350	gz	169330	372780	276.1333333333333
sc2	1350	repair	169330	167424	124.01777777777778
sc2	1350	xz	169330	61264	45.38074074074074
sc2	1400	bz2	172073	1250751	893.3935714285715
sc2	1400	gz	172073	385188	275.13428571428574
sc2	1400	repair	172073	171008	122.14857142857143
sc2	1400	xz	172073	62768	44.83428571428571
sc2	1450	bz2	175212	1298181	895.2972413793103
sc2	1450	gz	175212	398250	274.6551724137931
sc2	1450	repair	175212	175104	120.76137931034482
sc2	1450	xz	175212	64496	44.48
sc2	1500	bz2	178375	1348844	899.2293333333333
sc2	1500	gz	178375	411307	274.20466666666664
sc2	1500	repair	178375	178176	118.784
sc2	1500	xz	178375	66368	44.245333333333335
sc2	1550	bz2	181774	1383983	892.8922580645161
sc2	1550	gz	181774	424850	274.0967741935484
sc2	1550	repair	181774	182784	117.92516129032258
sc2	1550	xz	181774	68556	44.229677419354836
sc2	1600	bz2	185358	1431887	894.929375
sc2	1600	gz	185358	438220	273.8875
sc2	1600	repair	185358	187904	117.44
sc2	1600	xz	185358	70420	44.0125
sc2	1650	bz2	188125	1481825	898.0757575757576
sc2	1650	gz	188125	451219	273.4660606060606
sc2	1650	repair	188125	191488	116.05333333333333
sc2	1650	xz	188125	72204	43.76
sc2	1700	bz2	191065	1517261	892.5064705882353
sc2	1700	gz	191065	464476	273.22117647058826
sc2	1700	repair	191065	194048	114.14588235294117
sc2	1700	xz	191065	73980	43.51764705882353
sc2	1750	bz2	193579	1567280	895.5885714285714
sc2	1750	gz	193579	477930	273.10285714285715
sc2	1750	repair	193579	197632	112.93257142857144
sc2	1750	xz	193579	75952	43.40114285714286
sc2	1800	bz2	196643	1614862	897.1455555555556
sc2	1800	gz	196643	491279	272.9327777777778
sc2	1800	repair	196643	202752	112.64
sc2	1800	xz	196643	77996	43.33111111111111
sc2	1850	bz2	199307	1649021	891.3627027027027
sc2	1850	gz	199307	504409	272.65351351351353
sc2	1850	repair	199307	205824	111.25621621621622
sc2	1850	xz	199307	79916	43.19783783783784
sc2	1900	bz2	202368	1696198	892.7357894736842
sc2	1900	gz	202368	517556	272.3978947368421
sc2	1900	repair	202368	209920	110.48421052631579
sc2	1900	xz	202368	81916	43.113684210526316
sc2	1950	bz2	204768	1746788	895.7887179487179
sc2	1950	gz	204768	530357	271.9779487179487
sc2	1950	repair	204768	214016	109.75179487179487
sc2	1950	xz	204768	83484	42.81230769230769
sc2	2000	bz2	207805	1781325	890.6625
sc2	2000	gz	207805	543555	271.7775
sc2	2000	repair	207805	217088	108.544
sc2	2000	xz	207805	85296	42.648
sc2	2050	bz2	210270	1831078	893.2087804878049
sc2	2050	gz	210270	557093	271.75268292682927
sc2	2050	repair	210270	222720	108.64390243902439
sc2	2050	xz	210270	87336	42.60292682926829
sc2	2100	bz2	213084	1877358	893.98
sc2	2100	gz	213084	570199	271.5233333333333
sc2	2100	repair	213084	225280	107.27619047619048
sc2	2100	xz	213084	89376	42.56
sc2	2150	bz2	215630	1913118	889.8223255813954
sc2	2150	gz	215630	583243	271.27581395348835
sc2	2150	repair	215630	228864	106.44837209302325
sc2	2150	xz	215630	91124	42.38325581395349
sc2	2200	bz2	218266	1964875	893.125
sc2	2200	gz	218266	596416	271.09818181818184
sc2	2200	repair	218266	235008	106.82181818181819
sc2	2200	xz	218266	93136	42.334545454545456
sc2	2250	bz2	220677	2012741	894.5515555555555
sc2	2250	gz	220677	609711	270.98266666666666
sc2	2250	repair	220677	238080	105.81333333333333
sc2	2250	xz	220677	95068	42.25244444444444
sc2	2300	bz2	223008	2046701	889.87
sc2	2300	gz	223008	622856	270.80695652173915
sc2	2300	repair	223008	242688	105.51652173913044
sc2	2300	xz	223008	96908	42.13391304347826
sc2	2350	bz2	225705	2096786	892.2493617021277
sc2	2350	gz	225705	636108	270.6842553191489
sc2	2350	repair	225705	246272	104.79659574468086
sc2	2350	xz	225705	98924	42.09531914893617
sc2	2400	bz2	227405	2145085	893.7854166666667
sc2	2400	gz	227405	648736	270.3066666666667
sc2	2400	repair	227405	249344	103.89333333333333
sc2	2400	xz	227405	100504	41.876666666666665
sc2	2450	bz2	229496	2178736	889.28
sc2	2450	gz	229496	661686	270.07591836734696
sc2	2450	repair	229496	252928	103.23591836734694
sc2	2450	xz	229496	102088	41.668571428571425
sc2	2500	bz2	231548	2229375	891.75
sc2	2500	gz	231548	674738	269.8952
sc2	2500	repair	231548	254976	101.9904
sc2	2500	xz	231548	103640	41.456
sc2	2550	bz2	233588	2276813	892.8678431372549
sc2	2550	gz	233588	687470	269.5960784313726
sc2	2550	repair	233588	258048	101.19529411764705
sc2	2550	xz	233588	105508	41.3756862745098
sc2	2600	bz2	236266	2310200	888.5384615384615
sc2	2600	gz	236266	700192	269.3046153846154
sc2	2600	repair	236266	262144	100.82461538461538
sc2	2600	xz	236266	107308	41.27230769230769
sc2	2650	bz2	238451	2362609	891.5505660377358
sc2	2650	gz	238451	713376	269.1984905660377
sc2	2650	repair	238451	265216	100.08150943396227
sc2	2650	xz	238451	109300	41.24528301886792
sc2	2700	bz2	240488	2410704	892.8533333333334
sc2	2700	gz	240488	726168	268.9511111111111
sc2	2700	repair	240488	268288	99.36592592592592
sc2	2700	xz	240488	111024	41.12
sc2	2750	bz2	242800	2441053	887.6556363636364
sc2	2750	gz	242800	738859	268.676
sc2	2750	repair	242800	270848	98.49018181818182
sc2	2750	xz	242800	112808	41.02109090909091
sc2	2800	bz2	244606	2495241	891.1575
sc2	2800	gz	244606	752157	268.6275
sc2	2800	repair	244606	275968	98.56
sc2	2800	xz	244606	114632	40.94
sc2	2850	bz2	246738	2543117	892.3217543859649
sc2	2850	gz	246738	765137	268.4691228070175
sc2	2850	repair	246738	279040	97.90877192982457
sc2	2850	xz	246738	116456	40.861754385964915
sc2	2900	bz2	248671	2572585	887.0982758620689
sc2	2900	gz	248671	778198	268.3441379310345
sc2	2900	repair	248671	282624	97.45655172413792
sc2	2900	xz	248671	118092	40.72137931034483
sc2	2950	bz2	250361	2626487	890.3345762711864
sc2	2950	gz	250361	791087	268.1650847457627
sc2	2950	repair	250361	285184	96.67254237288135
sc2	2950	xz	250361	119836	40.62237288135593
sc2	3000	bz2	252617	2675217	891.739
sc2	3000	gz	252617	803972	267.99066666666664
sc2	3000	repair	252617	288768	96.256
sc2	3000	xz	252617	121572	40.524
sc2	3050	bz2	254440	2705016	886.8904918032787
sc2	3050	gz	254440	816702	267.77114754098363
sc2	3050	repair	254440	291328	95.51737704918033
sc2	3050	xz	254440	123184	40.38819672131147
sc2	3100	bz2	256480	2757497	889.5151612903226
sc2	3100	gz	256480	829698	267.64451612903224
sc2	3100	repair	256480	293888	94.80258064516129
sc2	3100	xz	256480	124772	40.24903225806452
sc2	3150	bz2	258303	2807417	891.2434920634921
sc2	3150	gz	258303	842352	267.41333333333336
sc2	3150	repair	258303	296960	94.27301587301588
sc2	3150	xz	258303	126376	40.11936507936508
sc2	3200	bz2	260254	2840669	887.7090625
sc2	3200	gz	260254	855024	267.195
sc2	3200	repair	260254	299520	93.6
sc2	3200	xz	260254	128040	40.0125
sc2	3250	bz2	262765	2890514	889.3889230769231
sc2	3250	gz	262765	868506	267.23261538461537
sc2	3250	repair	262765	303616	93.42030769230769
sc2	3250	xz	262765	130000	40
sc2	3300	bz2	264618	2939428	890.7357575757576
sc2	3300	gz	264618	881183	267.0251515151515
sc2	3300	repair	264618	305664	92.62545454545455
sc2	3300	xz	264618	131496	39.847272727272724
sc2	3350	bz2	266500	2976591	888.5346268656716
sc2	3350	gz	266500	894194	266.9235820895522
sc2	3350	repair	266500	309760	92.46567164179105
sc2	3350	xz	266500	133172	39.75283582089552
sc2	3400	bz2	268806	3022675	889.0220588235294
sc2	3400	gz	268806	906990	266.76176470588234
sc2	3400	repair	268806	310784	91.40705882352941
sc2	3400	xz	268806	134764	39.63647058823529
sc2	3450	bz2	271259	3071498	890.2892753623188
sc2	3450	gz	271259	919859	266.6257971014493
sc2	3450	repair	271259	316416	91.71478260869566
sc2	3450	xz	271259	136452	39.55130434782609
sc2	3500	bz2	273541	3111177	888.9077142857143
sc2	3500	gz	273541	932890	266.54
sc2	3500	repair	273541	319488	91.28228571428572
sc2	3500	xz	273541	138272	39.50628571428572
sc2	3550	bz2	275501	3155458	888.8614084507042
sc2	3550	gz	275501	945780	266.4169014084507
sc2	3550	repair	275501	322560	90.86197183098592
sc2	3550	xz	275501	140040	39.44788732394366
sc2	3600	bz2	277169	3202596	889.61
sc2	3600	gz	277169	958553	266.26472222222225
sc2	3600	repair	277169	325120	90.31111111111112
sc2	3600	xz	277169	141596	39.33222222222222
sc2	3650	bz2	278726	3244306	888.8509589041096
sc2	3650	gz	278726	971265	266.1
sc2	3650	repair	278726	326656	89.49479452054794
sc2	3650	xz	278726	143320	39.26575342465753
sc2	3700	bz2	280725	3286553	888.2575675675675
sc2	3700	gz	280725	983859	265.90783783783786
sc2	3700	repair	280725	330240	89.25405405405405
sc2	3700	xz	280725	144992	39.18702702702703
sc2	3750	bz2	281845	3334310	889.1493333333333
sc2	3750	gz	281845	996641	265.77093333333335
sc2	3750	repair	281845	332800	88.74666666666667
sc2	3750	xz	281845	146504	39.06773333333334
sc2	3800	bz2	283491	3378655	889.1197368421052
sc2	3800	gz	283491	1010046	265.8015789473684
sc2	3800	repair	283491	337920	88.92631578947369
sc2	3800	xz	283491	148228	39.00736842105263
sc2	3850	bz2	285596	3418629	887.9555844155844
sc2	3850	gz	285596	1023187	265.7628571428571
sc2	3850	repair	285596	340480	88.43636363636364
sc2	3850	xz	285596	149860	38.92467532467533
sc2	3900	bz2	287377	3466691	888.8951282051282
sc2	3900	gz	287377	1036226	265.69897435897434
sc2	3900	repair	287377	342016	87.69641025641026
sc2	3900	xz	287377	151520	38.85128205128205
sc2	3950	bz2	288419	3510871	888.8281012658227
sc2	3950	gz	288419	1048768	265.5108860759494
sc2	3950	repair	288419	345088	87.36405063291139
sc2	3950	xz	288419	152848	38.69569620253164
sc2	4000	bz2	290262	3547617	886.90425
sc2	4000	gz	290262	1062047	265.51175
sc2	4000	repair	290262	348160	87.04
sc2	4000	xz	290262	154656	38.664
sc2	4050	bz2	292673	3598274	888.4627160493827
sc2	4050	gz	292673	1075237	265.4906172839506
sc2	4050	repair	292673	351744	86.85037037037037
sc2	4050	xz	292673	156544	38.65283950617284
sc2	4100	bz2	294789	3644285	888.85
sc2	4100	gz	294789	1088375	265.4573170731707
sc2	4100	repair	294789	354304	86.41560975609757
sc2	4100	xz	294789	158436	38.64292682926829
sc2	4150	bz2	295948	3682188	887.2742168674699
sc2	4150	gz	295948	1100923	265.28265060240966
sc2	4150	repair	295948	356864	85.99132530120482
sc2	4150	xz	295948	159956	38.543614457831325
sc2	4200	bz2	297273	3729974	888.0890476190476
sc2	4200	gz	297273	1113729	265.17357142857145
sc2	4200	repair	297273	360448	85.82095238095238
sc2	4200	xz	297273	161548	38.46380952380952
sc2	4250	bz2	298810	3774680	888.16
sc2	4250	gz	298810	1126077	264.95929411764706
sc2	4250	repair	298810	362496	85.29317647058824
sc2	4250	xz	298810	163096	38.3755294117647
sc2	4300	bz2	300458	3811271	886.3420930232559
sc2	4300	gz	300458	1138555	264.7802325581395
sc2	4300	repair	300458	366080	85.13488372093023
sc2	4300	xz	300458	164668	38.29488372093023
sc2	4350	bz2	302100	3860247	887.4131034482758
sc2	4350	gz	302100	1151564	264.72735632183907
sc2	4350	repair	302100	368640	84.7448275862069
sc2	4350	xz	302100	166340	38.239080459770115
sc2	4400	bz2	303206	3908040	888.1909090909091
sc2	4400	gz	303206	1164228	264.59727272727275
sc2	4400	repair	303206	371200	84.36363636363636
sc2	4400	xz	303206	167648	38.10181818181818
sc2	4450	bz2	304314	3942805	886.023595505618
sc2	4450	gz	304314	1177038	264.5029213483146
sc2	4450	repair	304314	371712	83.53078651685394
sc2	4450	xz	304314	169152	38.011685393258425
sc2	4500	bz2	305882	3991341	886.9646666666666
sc2	4500	gz	305882	1190533	264.5628888888889
sc2	4500	repair	305882	376320	83.62666666666667
sc2	4500	xz	305882	170864	37.96977777777778
sc2	4550	bz2	307014	4041107	888.1553846153846
sc2	4550	gz	307014	1202725	264.33516483516485
sc2	4550	repair	307014	378368	83.1578021978022
sc2	4550	xz	307014	172188	37.84351648351648
sc2	4600	bz2	308815	4076467	886.1884782608696
sc2	4600	gz	308815	1215912	264.3286956521739
sc2	4600	repair	308815	382976	83.25565217391305
sc2	4600	xz	308815	173988	37.823478260869564
sc2	4650	bz2	310173	4122380	886.5333333333333
sc2	4650	gz	310173	1228458	264.18451612903226
sc2	4650	repair	310173	384512	82.69075268817204
sc2	4650	xz	310173	175592	37.76172043010753
sc2	4700	bz2	311731	4173176	887.9097872340426
sc2	4700	gz	311731	1241845	264.2223404255319
sc2	4700	repair	311731	388096	82.57361702127659
sc2	4700	xz	311731	177388	37.74212765957447
sc2	4750	bz2	313583	4208604	886.0218947368421
sc2	4750	gz	313583	1254766	264.1612631578947
sc2	4750	repair	313583	390656	82.24336842105264
sc2	4750	xz	313583	179116	37.70863157894737
sc2	4800	bz2	315118	4257936	887.07
sc2	4800	gz	315118	1267457	264.05354166666666
sc2	4800	repair	315118	393216	81.92
sc2	4800	xz	315118	180716	37.649166666666666
sc2	4850	bz2	316323	4305403	887.7119587628866
sc2	4850	gz	316323	1279903	263.89752577319587
sc2	4850	repair	316323	395264	81.49773195876288
sc2	4850	xz	316323	182336	37.59505154639175
sc2	4900	bz2	317651	4339635	885.6397959183673
sc2	4900	gz	317651	1292302	263.73510204081634
sc2	4900	repair	317651	398848	81.39755102040816
sc2	4900	xz	317651	183952	37.541224489795916
sc2	4950	bz2	319155	4387043	886.2713131313131
sc2	4950	gz	319155	1305128	263.6622222222222
sc2	4950	repair	319155	402432	81.29939393939394
sc2	4950	xz	319155	185604	37.49575757575757
sc2	5000	bz2	320364	4436147	887.2294
sc2	5000	gz	320364	1317801	263.5602
sc2	5000	repair	320364	404992	80.9984
sc2	5000	xz	320364	187108	37.4216
sc2	5050	bz2	321724	4470070	885.1623762376238
sc2	5050	gz	321724	1330407	263.4469306930693
sc2	5050	repair	321724	407552	80.70336633663366
sc2	5050	xz	321724	188684	37.36316831683168
sc2	5100	bz2	323406	4520372	886.3474509803922
sc2	5100	gz	323406	1343225	263.37745098039215
sc2	5100	repair	323406	410624	80.51450980392157
sc2	5100	xz	323406	190392	37.33176470588235
sc2	5150	bz2	325379	4565886	886.5798058252427
sc2	5150	gz	325379	1356143	263.32873786407765
sc2	5150	repair	325379	411648	79.93165048543689
sc2	5150	xz	325379	192000	37.28155339805825
sc2	5200	bz2	326846	4602216	885.0415384615385
sc2	5200	gz	326846	1369606	263.38576923076926
sc2	5200	repair	326846	415232	79.85230769230769
sc2	5200	xz	326846	193720	37.253846153846155
sc2	5250	bz2	328300	4652862	886.2594285714285
sc2	5250	gz	328300	1382459	263.3255238095238
sc2	5250	repair	328300	419840	79.9695238095238
sc2	5250	xz	328300	195288	37.197714285714284
sc2	5300	bz2	329570	4700525	886.8915094339623
sc2	5300	gz	329570	1395092	263.2249056603774
sc2	5300	repair	329570	419328	79.11849056603774
sc2	5300	xz	329570	196716	37.11622641509434
sc2	5350	bz2	331165	4733336	884.7357009345794
sc2	5350	gz	331165	1407947	263.16766355140186
sc2	5350	repair	331165	424960	79.43177570093458
sc2	5350	xz	331165	198232	37.05271028037383
sc2	5400	bz2	332630	4784734	886.0618518518519
sc2	5400	gz	332630	1420811	263.1131481481481
sc2	5400	repair	332630	425984	78.88592592592593
sc2	5400	xz	332630	199636	36.96962962962963
sc2	5450	bz2	334175	4831274	886.4722935779816
sc2	5450	gz	334175	1433722	263.06825688073394
sc2	5450	repair	334175	428544	78.63192660550459
sc2	5450	xz	334175	201044	36.88880733944954
sc2	5500	bz2	336035	4866735	884.8609090909091
sc2	5500	gz	336035	1446842	263.06218181818184
sc2	5500	repair	336035	432128	78.56872727272727
sc2	5500	xz	336035	203036	36.91563636363637
sc2	5550	bz2	336986	4915761	885.7227027027027
sc2	5550	gz	336986	1459592	262.98954954954957
sc2	5550	repair	336986	434688	78.32216216216216
sc2	5550	xz	336986	204464	36.84036036036036
sc2	5600	bz2	338417	4963219	886.2891071428571
sc2	5600	gz	338417	1472247	262.90125
sc2	5600	repair	338417	437760	78.17142857142858
sc2	5600	xz	338417	206004	36.78642857142857
sc2	5650	bz2	339656	4997239	884.4670796460177
sc2	5650	gz	339656	1484555	262.75309734513274
sc2	5650	repair	339656	440320	77.93274336283186
sc2	5650	xz	339656	207340	36.697345132743365
sc2	5700	bz2	340741	5048514	885.7042105263158
sc2	5700	gz	340741	1497211	262.6685964912281
sc2	5700	repair	340741	441344	77.42877192982456
sc2	5700	xz	340741	208604	36.59719298245614
sc2	5750	bz2	342381	5096454	886.3398260869566
sc2	5750	gz	342381	1510323	262.6648695652174
sc2	5750	repair	342381	445440	77.46782608695652
sc2	5750	xz	342381	210476	36.60452173913043
sc2	5800	bz2	344146	5127837	884.1098275862068
sc2	5800	gz	344146	1522966	262.5803448275862
sc2	5800	repair	344146	448512	77.3296551724138
sc2	5800	xz	344146	212204	36.58689655172414
sc2	5850	bz2	345122	5179913	885.4552136752137
sc2	5850	gz	345122	1535388	262.45948717948716
sc2	5850	repair	345122	450048	76.93128205128205
sc2	5850	xz	345122	213476	36.491623931623934
sc2	5900	bz2	346272	5228420	886.1728813559322
sc2	5900	gz	346272	1548312	262.4257627118644
sc2	5900	repair	346272	453120	76.8
sc2	5900	xz	346272	215060	36.45084745762712
sc2	5950	bz2	347956	5258056	883.7068907563025
sc2	5950	gz	347956	1561254	262.39563025210083
sc2	5950	repair	347956	456704	76.75697478991597
sc2	5950	xz	347956	216676	36.41613445378151
sc2	6000	bz2	349084	5311877	885.3128333333333
sc2	6000	gz	349084	1574168	262.36133333333333
sc2	6000	repair	349084	459264	76.544
sc2	6000	xz	349084	218152	36.358666666666664
sc2	6050	bz2	351055	5359521	885.8712396694215
sc2	6050	gz	351055	1586809	262.28247933884296
sc2	6050	repair	351055	462848	76.50380165289256
sc2	6050	xz	351055	219888	36.34512396694215
sc2	6100	bz2	352306	5390169	883.634262295082
sc2	6100	gz	352306	1599534	262.21868852459016
sc2	6100	repair	352306	465408	76.29639344262296
sc2	6100	xz	352306	221368	36.28983606557377
sc2	6150	bz2	353748	5442676	884.9879674796748
sc2	6150	gz	353748	1612081	262.1269918699187
sc2	6150	repair	353748	467456	76.00910569105692
sc2	6150	xz	353748	222732	36.21658536585366
sc2	6200	bz2	355815	5492040	885.8129032258065
sc2	6200	gz	355815	1624952	262.0890322580645
sc2	6200	repair	355815	469504	75.72645161290322
sc2	6200	xz	355815	224364	36.18774193548387
sc2	6250	bz2	357408	5525684	884.10944
sc2	6250	gz	357408	1637997	262.07952
sc2	6250	repair	357408	473088	75.69408
sc2	6250	xz	357408	226020	36.1632
sc2	6300	bz2	358699	5574727	884.8773015873015
sc2	6300	gz	358699	1651122	262.08285714285716
sc2	6300	repair	358699	476160	75.58095238095238
sc2	6300	xz	358699	227680	36.13968253968254
sc2	6350	bz2	360315	5624623	885.7674015748031
sc2	6350	gz	360315	1664592	262.1404724409449
sc2	6350	repair	360315	479744	75.55023622047244
sc2	6350	xz	360315	229532	36.146771653543304
sc2	6400	bz2	361271	5661089	884.54515625
sc2	6400	gz	361271	1677543	262.11609375
sc2	6400	repair	361271	480768	75.12
sc2	6400	xz	361271	231108	36.110625
sc2	6450	bz2	362226	5707090	884.8201550387597
sc2	6450	gz	362226	1690113	262.03302325581393
sc2	6450	repair	362226	485376	75.25209302325581
sc2	6450	xz	362226	232536	36.052093023255814
sc2	6500	bz2	363631	5755784	885.5052307692308
sc2	6500	gz	363631	1702800	261.96923076923076
sc2	6500	repair	363631	485376	74.67323076923077
sc2	6500	xz	363631	233896	35.984
sc2	6550	bz2	364685	5795719	884.8425954198474
sc2	6550	gz	364685	1715391	261.8917557251908
sc2	6550	repair	364685	489472	74.72854961832061
sc2	6550	xz	364685	235308	35.92488549618321
sc2	6600	bz2	365762	5839182	884.7245454545455
sc2	6600	gz	365762	1727812	261.789696969697
sc2	6600	repair	365762	491008	74.39515151515151
sc2	6600	xz	365762	236736	35.86909090909091
sc2	6650	bz2	366890	5886951	885.2557894736842
sc2	6650	gz	366890	1740667	261.75443609022557
sc2	6650	repair	366890	494592	74.37473684210526
sc2	6650	xz	366890	237952	35.78225563909774
sc2	6700	bz2	368004	5927470	884.6970149253731
sc2	6700	gz	368004	1752941	261.63298507462684
sc2	6700	repair	368004	496640	74.12537313432836
sc2	6700	xz	368004	239408	35.732537313432836
sc2	6750	bz2	369374	5970624	884.5368888888889
sc2	6750	gz	369374	1765814	261.6020740740741
sc2	6750	repair	369374	499200	73.95555555555555
sc2	6750	xz	369374	240972	35.699555555555555
sc2	6800	bz2	370691	6017976	884.9964705882353
sc2	6800	gz	370691	1778793	261.5872058823529
sc2	6800	repair	370691	503808	74.08941176470589
sc2	6800	xz	370691	242576	35.67294117647059
sc2	6850	bz2	371949	6060518	884.7471532846715
sc2	6850	gz	371949	1791077	261.4710948905109
sc2	6850	repair	371949	505344	73.77284671532847
sc2	6850	xz	371949	243940	35.61167883211679
sc2	6900	bz2	372966	6101260	884.240579710145
sc2	6900	gz	372966	1803551	261.3842028985507
sc2	6900	repair	372966	506880	73.4608695652174
sc2	6900	xz	372966	245504	35.580289855072465
sc2	6950	bz2	374732	6149771	884.8591366906475
sc2	6950	gz	374732	1816921	261.4274820143885
sc2	6950	repair	374732	510976	73.52172661870503
sc2	6950	xz	374732	247252	35.5758273381295
sc2	7000	bz2	375564	6194051	884.8644285714286
sc2	7000	gz	375564	1829366	261.338
sc2	7000	repair	375564	510464	72.92342857142857
sc2	7000	xz	375564	248564	35.509142857142855
sc2	7050	bz2	377298	6232265	884.009219858156
sc2	7050	gz	377298	1842754	261.38354609929075
sc2	7050	repair	377298	515072	73.05985815602837
sc2	7050	xz	377298	250260	35.49787234042553
sc2	7100	bz2	378625	6280731	884.61
sc2	7100	gz	378625	1855424	261.32732394366195
sc2	7100	repair	378625	519680	73.1943661971831
sc2	7100	xz	378625	251692	35.44957746478873
sc2	7150	bz2	379754	6326349	884.8040559440559
sc2	7150	gz	379754	1868326	261.30433566433567
sc2	7150	repair	379754	522240	73.04055944055943
sc2	7150	xz	379754	253288	35.42489510489511
sc2	7200	bz2	380945	6364244	883.9227777777778
sc2	7200	gz	380945	1880914	261.23805555555555
sc2	7200	repair	380945	525312	72.96
sc2	7200	xz	380945	254712	35.376666666666665
sc2	7250	bz2	382233	6412192	884.4402758620689
sc2	7250	gz	382233	1893105	261.11793103448275
sc2	7250	repair	382233	527872	72.80993103448276
sc2	7250	xz	382233	255952	35.303724137931034
sc2	7300	bz2	383604	6457747	884.6228767123288
sc2	7300	gz	383604	1906014	261.0978082191781
sc2	7300	repair	383604	529408	72.52164383561644
sc2	7300	xz	383604	257564	35.282739726027394
sc2	7350	bz2	384928	6493964	883.5325170068028
sc2	7350	gz	384928	1918698	261.0473469387755
sc2	7350	repair	384928	531456	72.3069387755102
sc2	7350	xz	384928	259016	35.240272108843534
sc2	7400	bz2	386209	6544002	884.3245945945946
sc2	7400	gz	386209	1931776	261.0508108108108
sc2	7400	repair	386209	532992	72.02594594594595
sc2	7400	xz	386209	260740	35.23513513513514
sc2	7450	bz2	387777	6590628	884.6480536912752
sc2	7450	gz	387777	1944559	261.0146308724832
sc2	7450	repair	387777	537600	72.16107382550335
sc2	7450	xz	387777	262280	35.205369127516775
sc2	7500	bz2	389080	6625937	883.4582666666666
sc2	7500	gz	389080	1957376	260.9834666666667
sc2	7500	repair	389080	540160	72.02133333333333
sc2	7500	xz	389080	264016	35.202133333333336
sc2	7550	bz2	390569	6675306	884.1464900662252
sc2	7550	gz	390569	1969843	260.906357615894
sc2	7550	repair	390569	543232	71.9512582781457
sc2	7550	xz	390569	265416	35.15443708609271
sc2	7600	bz2	391738	6723016	884.6073684210527
sc2	7600	gz	391738	1983093	260.9332894736842
sc2	7600	repair	391738	544768	71.68
sc2	7600	xz	391738	267080	35.142105263157895
sc2	7650	bz2	392729	6758671	883.4864052287581
sc2	7650	gz	392729	1995863	260.89712418300655
sc2	7650	repair	392729	547328	71.54614379084967
sc2	7650	xz	392729	268356	35.07921568627451
sc2	7700	bz2	394026	6804901	883.7533766233767
sc2	7700	gz	394026	2009345	260.9538961038961
sc2	7700	repair	394026	550912	71.54701298701299
sc2	7700	xz	394026	270168	35.08675324675325
sc2	7750	bz2	395794	6856892	884.7602580645162
sc2	7750	gz	395794	2022212	260.9305806451613
sc2	7750	repair	395794	553984	71.4818064516129
sc2	7750	xz	395794	271872	35.08025806451613
sc2	7800	bz2	397088	6890633	883.4144871794872
sc2	7800	gz	397088	2034631	260.8501282051282
sc2	7800	repair	397088	555520	71.22051282051282
sc2	7800	xz	397088	273436	35.055897435897435
sc2	7850	bz2	398096	6938775	883.9203821656051
sc2	7850	gz	398096	2047214	260.7915923566879
sc2	7850	repair	398096	556544	70.89732484076433
sc2	7850	xz	398096	274840	35.011464968152865
sc2	7900	bz2	399465	6987682	884.5167088607595
sc2	7900	gz	399465	2059354	260.67772151898737
sc2	7900	repair	399465	559104	70.7726582278481
sc2	7900	xz	399465	276136	34.953924050632914
sc2	7950	bz2	400942	7021463	883.202893081761
sc2	7950	gz	400942	2072446	260.6850314465409
sc2	7950	repair	400942	563712	70.90716981132076
sc2	7950	xz	400942	277752	34.93735849056604
sc2	8000	bz2	402113	7068548	883.5685
sc2	8000	gz	402113	2085100	260.6375
sc2	8000	repair	402113	562688	70.336
sc2	8000	xz	402113	279196	34.8995
sc2	8050	bz2	403095	7117719	884.1886956521739
sc2	8050	gz	403095	2097758	260.59105590062114
sc2	8050	repair	403095	566272	70.34434782608696
sc2	8050	xz	403095	280744	34.87503105590062
sc2	8100	bz2	404408	7153060	883.0938271604938
sc2	8100	gz	404408	2110469	260.55172839506173
sc2	8100	repair	404408	568320	70.16296296296296
sc2	8100	xz	404408	282236	34.84395061728395
sc2	8150	bz2	405209	7201421	883.6099386503067
sc2	8150	gz	405209	2123047	260.4965644171779
sc2	8150	repair	405209	569856	69.92098159509203
sc2	8150	xz	405209	283508	34.786257668711656
sc2	8200	bz2	406172	7248483	883.9613414634147
sc2	8200	gz	406172	2135756	260.4580487804878
sc2	8200	repair	406172	571904	69.74439024390244
sc2	8200	xz	406172	285040	34.760975609756095
sc2	8250	bz2	407233	7283178	882.8094545454545
sc2	8250	gz	407233	2148407	260.4129696969697
sc2	8250	repair	407233	574464	69.632
sc2	8250	xz	407233	286564	34.7350303030303
sc2	8300	bz2	408440	7333395	883.5415662650603
sc2	8300	gz	408440	2160751	260.33144578313255
sc2	8300	repair	408440	577536	69.58265060240964
sc2	8300	xz	408440	287948	34.692530120481926
sc2	8350	bz2	409259	7380209	883.8573652694611
sc2	8350	gz	409259	2174659	260.4382035928144
sc2	8350	repair	409259	579584	69.41125748502994
sc2	8350	xz	409259	289712	34.696047904191616
sc2	8400	bz2	410121	7413626	882.5745238095238
sc2	8400	gz	410121	2187791	260.4513095238095
sc2	8400	repair	410121	581632	69.24190476190476
sc2	8400	xz	410121	291240	34.67142857142857
sc2	8450	bz2	411039	7465823	883.5293491124261
sc2	8450	gz	411039	2200315	260.39230769230767
sc2	8450	repair	411039	584192	69.13514792899409
sc2	8450	xz	411039	292688	34.63763313609468
sc2	8500	bz2	412238	7513481	883.9389411764706
sc2	8500	gz	412238	2212699	260.3175294117647
sc2	8500	repair	412238	588288	69.21035294117647
sc2	8500	xz	412238	293984	34.58635294117647
sc2	8550	bz2	413103	7546110	882.5859649122807
sc2	8550	gz	413103	2225453	260.2869005847953
sc2	8550	repair	413103	590848	69.10502923976608
sc2	8550	xz	413103	295256	34.532865497076024
sc2	8600	bz2	414699	7596322	883.2932558139535
sc2	8600	gz	414699	2238262	260.26302325581395
sc2	8600	repair	414699	593408	69.00093023255813
sc2	8600	xz	414699	296868	34.51953488372093
sc2	8650	bz2	415857	7642186	883.489710982659
sc2	8650	gz	415857	2251215	260.2560693641619
sc2	8650	repair	415857	595456	68.83884393063583
sc2	8650	xz	415857	298256	34.480462427745664
sc2	8700	bz2	416796	7678346	882.5685057471264
sc2	8700	gz	416796	2264209	260.253908045977
sc2	8700	repair	416796	598016	68.73747126436781
sc2	8700	xz	416796	299796	34.459310344827585
sc2	8750	bz2	418140	7729179	883.3347428571428
sc2	8750	gz	418140	2276911	260.2184
sc2	8750	repair	418140	601088	68.69577142857143
sc2	8750	xz	418140	301448	34.4512
sc2	8800	bz2	419171	7777383	883.7935227272727
sc2	8800	gz	419171	2289407	260.15988636363636
sc2	8800	repair	419171	602112	68.42181818181818
sc2	8800	xz	419171	303120	34.445454545454545
sc2	8850	bz2	420037	7808784	882.3484745762712
sc2	8850	gz	420037	2302222	260.1380790960452
sc2	8850	repair	420037	605184	68.38237288135593
sc2	8850	xz	420037	304564	34.41401129943503
sc2	8900	bz2	420958	7862344	883.4094382022472
sc2	8900	gz	420958	2314443	260.04977528089887
sc2	8900	repair	420958	607744	68.28584269662922
sc2	8900	xz	420958	305920	34.37303370786517
sc2	8950	bz2	422165	7909700	883.7653631284916
sc2	8950	gz	422165	2326971	259.9967597765363
sc2	8950	repair	422165	609280	68.07597765363128
sc2	8950	xz	422165	307272	34.33206703910614
sc2	9000	bz2	422948	7939012	882.1124444444445
sc2	9000	gz	422948	2339199	259.911
sc2	9000	repair	422948	611840	67.98222222222222
sc2	9000	xz	422948	308520	34.28
sc2	9050	bz2	424145	7992062	883.100773480663
sc2	9050	gz	424145	2352312	259.9239779005525
sc2	9050	repair	424145	614400	67.88950276243094
sc2	9050	xz	424145	310116	34.266961325966854
sc2	9100	bz2	425199	8041278	883.656923076923
sc2	9100	gz	425199	2365187	259.9106593406593
sc2	9100	repair	425199	615936	67.68527472527472
sc2	9100	xz	425199	311492	34.22989010989011
sc2	9150	bz2	426329	8070352	882.0056830601093
sc2	9150	gz	426329	2377314	259.81573770491804
sc2	9150	repair	426329	619520	67.70710382513661
sc2	9150	xz	426329	312748	34.180109289617484
sc2	9200	bz2	427316	8122258	882.8541304347826
sc2	9200	gz	427316	2389721	259.7522826086957
sc2	9200	repair	427316	620032	67.39478260869565
sc2	9200	xz	427316	313904	34.12
sc2	9250	bz2	427940	8171147	883.3672432432433
sc2	9250	gz	427940	2401877	259.6623783783784
sc2	9250	repair	427940	622592	67.30724324324325
sc2	9250	xz	427940	315124	34.06745945945946
sc2	9300	bz2	429046	8203358	882.0815053763441
sc2	9300	gz	429046	2415149	259.69344086021505
sc2	9300	repair	429046	625664	67.27569892473119
sc2	9300	xz	429046	316492	34.031397849462365
sc2	9350	bz2	430206	8253727	882.751550802139
sc2	9350	gz	430206	2427543	259.63026737967914
sc2	9350	repair	430206	627200	67.08021390374331
sc2	9350	xz	430206	317856	33.995294117647056
sc2	9400	bz2	431194	8302911	883.2884042553192
sc2	9400	gz	431194	2439628	259.5348936170213
sc2	9400	repair	431194	628736	66.8868085106383
sc2	9400	xz	431194	319184	33.95574468085106
sc2	9450	bz2	432054	8339802	882.5187301587301
sc2	9450	gz	432054	2452025	259.47354497354496
sc2	9450	repair	432054	631296	66.80380952380952
sc2	9450	xz	432054	320704	33.936931216931214
sc2	9500	bz2	432983	8385896	882.7258947368421
sc2	9500	gz	432983	2464946	259.468
sc2	9500	repair	432983	631808	66.50610526315789
sc2	9500	xz	432983	322092	33.90442105263158
sc2	9550	bz2	433967	8434757	883.2206282722514
sc2	9550	gz	433967	2477436	259.4173821989529
sc2	9550	repair	433967	634880	66.47958115183246
sc2	9550	xz	433967	323448	33.86890052356021
sc2	9600	bz2	434766	8471396	882.4370833333334
sc2	9600	gz	434766	2489843	259.35864583333336
sc2	9600	repair	434766	636416	66.29333333333334
sc2	9600	xz	434766	324640	33.81666666666667
sc2	9650	bz2	435843	8517196	882.6109844559586
sc2	9650	gz	435843	2502717	259.34891191709846
sc2	9650	repair	435843	638464	66.1620725388601
sc2	9650	xz	435843	326096	33.792331606217616
sc2	9700	bz2	436954	8564922	882.9816494845361
sc2	9700	gz	436954	2515491	259.32896907216497
sc2	9700	repair	436954	641536	66.13773195876288
sc2	9700	xz	436954	327632	33.77649484536082
sc2	9750	bz2	437728	8605437	882.6089230769231
sc2	9750	gz	437728	2527658	259.24697435897434
sc2	9750	repair	437728	645120	66.16615384615385
sc2	9750	xz	437728	329008	33.744410256410255
sc2	9800	bz2	438627	8647850	882.4336734693877
sc2	9800	gz	438627	2540780	259.26326530612243
sc2	9800	repair	438627	647168	66.03755102040816
sc2	9800	xz	438627	330612	33.73591836734694
sc2	9850	bz2	439328	8695590	882.8010152284264
sc2	9850	gz	439328	2553497	259.23827411167514
sc2	9850	repair	439328	651264	66.1181725888325
sc2	9850	xz	439328	332016	33.707208121827414
sc2	9900	bz2	440661	8740582	882.8870707070707
sc2	9900	gz	440661	2566031	259.1950505050505
sc2	9900	repair	440661	652800	65.93939393939394
sc2	9900	xz	440661	333360	33.67272727272727
sc2	9950	bz2	441595	8779047	882.3162814070351
sc2	9950	gz	441595	2579087	259.20472361809044
sc2	9950	repair	441595	654848	65.81386934673367
sc2	9950	xz	441595	335064	33.67477386934674
sc2	10000	bz2	442355	8828291	882.8291
sc2	10000	gz	442355	2591712	259.1712
sc2	10000	repair	442355	657920	65.792
sc2	10000	xz	442355	336288	33.6288
sc2	20000	bz2	599238	17578243	878.91215
sc2	20000	gz	599238	5100076	255.0038
sc2	20000	repair	599238	1075200	53.76
sc2	20000	xz	599238	605228	30.2614
sc2	30000	bz2	708054	26325180	877.506
sc2	30000	gz	708054	7593509	253.11696666666666
sc2	30000	repair	708054	1445376	48.1792
sc2	30000	xz	708054	855672	28.5224
sc2	40000	bz2	792344	35052520	876.313
sc2	40000	gz	792344	10070132	251.7533
sc2	40000	repair	792344	1795072	44.8768
sc2	40000	xz	792344	1092552	27.3138
sc2	50000	bz2	859701	43773522	875.47044
sc2	50000	gz	859701	12530737	250.61474
sc2	50000	repair	859701	2115584	42.31168
sc2	50000	xz	859701	1318540	26.3708
sc2	60000	bz2	918345	52482670	874.7111666666667
sc2	60000	gz	918345	14984208	249.7368
sc2	60000	repair	918345	2413056	40.2176
sc2	60000	xz	918345	1538852	25.64753333333333
sc2	70000	bz2	967454	61180989	874.0141285714286
sc2	70000	gz	967454	17432913	249.04161428571427
sc2	70000	repair	967454	2699776	38.56822857142857
sc2	70000	xz	967454	1753780	25.054
sc2	80000	bz2	1014097	69895673	873.6959125
sc2	80000	gz	1014097	19871076	248.38845
sc2	80000	xz	1014097	1963744	24.5468
sc2	90000	bz2	1053362	78583968	873.1552
sc2	90000	gz	1053362	22304553	247.82836666666665
sc2	90000	xz	1053362	2168304	24.092266666666667
sc2	100000	bz2	1092497	87280588	872.80588
sc2	100000	gz	1092497	24733079	247.33079
sc2	100000	xz	1092497	2367988	23.67988
sc2	110000	bz2	1127288	95962902	872.3900181818182
sc2	110000	gz	1127288	27150615	246.82377272727274
sc2	110000	xz	1127288	2564340	23.31218181818182
sc2	120000	bz2	1159013	104650074	872.08395
sc2	120000	gz	1159013	29576087	246.46739166666666
sc2	120000	xz	1159013	2763192	23.0266
sc2	130000	bz2	1188163	113340087	871.8468230769231
sc2	130000	gz	1188163	31993345	246.10265384615386
sc2	130000	xz	1188163	2955112	22.73163076923077
sc2	140000	bz2	1215561	122014958	871.5354142857143
sc2	140000	gz	1215561	34409149	245.77963571428572
sc2	140000	xz	1215561	3144348	22.45962857142857
sc2	150000	bz2	1242242	130699821	871.33214
sc2	150000	gz	1242242	36813880	245.42586666666668
sc2	150000	xz	1242242	3333204	22.22136
sc2	160000	bz2	1267359	139372568	871.07855
sc2	160000	gz	1267359	39220586	245.1286625
sc2	160000	xz	1267359	3519872	21.9992
sc2	170000	bz2	1290922	148052360	870.8962352941177
sc2	170000	gz	1290922	41625135	244.85373529411766
sc2	170000	xz	1290922	3707304	21.807670588235293
sc2	180000	bz2	1313171	156719497	870.6638722222223
sc2	180000	gz	1313171	44022520	244.56955555555555
sc2	180000	xz	1313171	3890688	21.614933333333333
sc2	190000	bz2	1333000	165382853	870.4360684210526
sc2	190000	gz	1333000	46421508	244.3237263157895
sc2	190000	xz	1333000	4070896	21.42576842105263
sc2	200000	bz2	1352453	174062641	870.313205
sc2	200000	gz	1352453	48812640	244.0632
sc2	200000	xz	1352453	4251360	21.2568
sc2	210000	bz2	1372876	182721180	870.1008571428572
sc2	210000	gz	1372876	51203224	243.8248761904762
sc2	210000	xz	1372876	4429932	21.094914285714285
sc2	220000	bz2	1392488	191392770	869.9671363636363
sc2	220000	gz	1392488	53593901	243.60864090909092
sc2	220000	xz	1392488	4605460	20.93390909090909
sc2	230000	bz2	1410383	200052653	869.7941434782608
sc2	230000	gz	1410383	55979798	243.39042608695652
sc2	230000	xz	1410383	4781128	20.78751304347826
sc2	240000	bz2	1428689	208709879	869.6244958333333
sc2	240000	gz	1428689	58365782	243.19075833333332
sc2	240000	xz	1428689	4955876	20.649483333333333
sc2	250000	bz2	1445234	217379083	869.516332
sc2	250000	gz	1445234	60751591	243.006364
sc2	250000	xz	1445234	5130016	20.520064
sc2	260000	bz2	1461378	226035647	869.367873076923
sc2	260000	gz	1461378	63133429	242.82088076923077
sc2	260000	xz	1461378	5301916	20.391984615384615
sc2	270000	bz2	1477281	234700063	869.2594925925926
sc2	270000	gz	1477281	65517166	242.65617037037038
sc2	270000	xz	1477281	5472892	20.26997037037037
sc2	280000	bz2	1493068	243351293	869.1117607142858
sc2	280000	gz	1493068	67892567	242.47345357142856
sc2	280000	xz	1493068	5644528	20.15902857142857
sc2	290000	bz2	1507343	252015249	869.0181
sc2	290000	gz	1507343	70269420	242.3083448275862
sc2	290000	xz	1507343	5813800	20.04758620689655
sc2	300000	bz2	1521095	260661527	868.8717566666667
sc2	300000	gz	1521095	72642431	242.14143666666666
sc2	300000	xz	1521095	5979588	19.93196
sc2	310000	bz2	1534764	269304737	868.7249580645162
sc2	310000	gz	1534764	75012287	241.9751193548387
sc2	310000	xz	1534764	6145180	19.82316129032258
sc2	320000	bz2	1547475	277977414	868.67941875
sc2	320000	gz	1547475	77392791	241.852471875
sc2	320000	xz	1547475	6314380	19.7324375
sc2	330000	bz2	1563149	286623629	868.5564515151515
sc2	330000	gz	1563149	79771439	241.73163333333332
sc2	330000	xz	1563149	6483080	19.64569696969697
sc2	340000	bz2	1578289	295281090	868.473794117647
sc2	340000	gz	1578289	82143323	241.5980088235294
sc2	340000	xz	1578289	6651596	19.563517647058823
sc2	350000	bz2	1591396	303933468	868.3813371428571
sc2	350000	gz	1591396	84513625	241.4675
sc2	350000	xz	1591396	6817224	19.477782857142856
sc2	360000	bz2	1604462	312583888	868.2885777777777
sc2	360000	gz	1604462	86882185	241.33940277777776
sc2	360000	xz	1604462	6981140	19.392055555555554
sc2	370000	bz2	1617583	321230114	868.1894972972973
sc2	370000	gz	1617583	89253040	241.22443243243242
sc2	370000	xz	1617583	7148016	19.318962162162162
sc2	380000	bz2	1629560	329880562	868.1067421052632
sc2	380000	gz	1629560	91629981	241.13152894736842
sc2	380000	xz	1629560	7315512	19.25134736842105
sc2	390000	bz2	1640527	338542961	868.0588743589743
sc2	390000	gz	1640527	94001188	241.02868717948718
sc2	390000	xz	1640527	7480024	19.17954871794872
sc2	400000	bz2	1652502	347181684	867.95421
sc2	400000	gz	1652502	96374639	240.9365975
sc2	400000	xz	1652502	7644036	19.11009
sc2	410000	bz2	1663476	355844787	867.9141146341464
sc2	410000	gz	1663476	98743649	240.83816829268292
sc2	410000	xz	1663476	7807436	19.042526829268294
sc2	420000	bz2	1675367	364488581	867.8299547619048
sc2	420000	gz	1675367	101111166	240.74087142857144
sc2	420000	xz	1675367	7970900	18.97833333333333
sc2	430000	bz2	1686842	373125809	867.7344395348837
sc2	430000	gz	1686842	103476691	240.64346744186045
sc2	430000	xz	1686842	8134008	18.916297674418605
sc2	440000	bz2	1697955	381782152	867.6867090909091
sc2	440000	gz	1697955	105842028	240.55006363636363
sc2	440000	xz	1697955	8297840	18.858727272727272
sc2	450000	bz2	1708223	390423013	867.6066955555556
sc2	450000	gz	1708223	108203461	240.45213555555554
sc2	450000	xz	1708223	8455448	18.789884444444443
sc2	460000	bz2	1718373	399067435	867.537902173913
sc2	460000	gz	1718373	110563607	240.35566739130434
sc2	460000	xz	1718373	8614996	18.728252173913045
sc2	470000	bz2	1728442	407712742	867.4739191489361
sc2	470000	gz	1728442	112924162	240.26417446808512
sc2	470000	xz	1728442	8775404	18.671072340425532
sc2	480000	bz2	1739104	416348799	867.39333125
sc2	480000	gz	1739104	115289506	240.18647083333335
sc2	480000	xz	1739104	8937252	18.619275
sc2	490000	bz2	1750286	424999822	867.346575510204
sc2	490000	gz	1750286	117647126	240.0961755102041
sc2	490000	xz	1750286	9097600	18.566530612244897
sc2	500000	bz2	1759613	433641439	867.282878
sc2	500000	gz	1759613	120009658	240.019316
sc2	500000	xz	1759613	9258368	18.516736
sc2	510000	bz2	1769983	442289147	867.2336215686274
sc2	510000	gz	1769983	122370338	239.9418392156863
sc2	510000	xz	1769983	9416800	18.464313725490197
sc2	520000	bz2	1779943	450928963	867.1710826923077
sc2	520000	gz	1779943	124729880	239.86515384615385
sc2	520000	xz	1779943	9576276	18.415915384615385
sc2	530000	bz2	1790188	459571827	867.1166547169811
sc2	530000	gz	1790188	127096960	239.80558490566037
sc2	530000	xz	1790188	9735764	18.369366037735848
sc2	540000	bz2	1800675	468222581	867.0788537037037
sc2	540000	gz	1800675	129462580	239.7455185185185
sc2	540000	xz	1800675	9895540	18.325074074074074
sc2	550000	bz2	1811275	476844300	866.9896363636364
sc2	550000	gz	1811275	131819363	239.6715690909091
sc2	550000	xz	1811275	10053100	18.278363636363636
sc2	560000	bz2	1820434	485493625	866.9529017857143
sc2	560000	gz	1820434	134172440	239.59364285714287
sc2	560000	xz	1820434	10206904	18.226614285714287
sc2	570000	bz2	1830550	494129678	866.8941719298246
sc2	570000	gz	1830550	136528939	239.5244543859649
sc2	570000	xz	1830550	10362576	18.17995789473684
sc2	580000	bz2	1839979	502775519	866.8543431034483
sc2	580000	gz	1839979	138881500	239.4508620689655
sc2	580000	xz	1839979	10517624	18.13383448275862
sc2	590000	bz2	1848544	511406655	866.7909406779661
sc2	590000	gz	1848544	141232837	239.37768983050847
sc2	590000	xz	1848544	10670740	18.086
